# zipir ff8e9e87ddb6a53cd75a1fb11552a963caa0c640; AMD Ryzen 9 3950X; Linux 7.2.7-200.fc44.x86_64 x86_64; generated by bench/report.py from tools/.local/bench/prime-lanes
format	op	category	class	file	tool	level	lane	samples	wall_median_ns	wall_q1_ns	wall_q3_ns	wall_min_ns	wall_max_ns	rss_median_bytes	rss_max_bytes	plain_bytes	input_bytes	compressed_bytes	mbs	ratio	time_vs_zipir	size_vs_zipir	rss_vs_zipir	spread_pct	cycles	instructions
bgzf	compress	generalized	sanity	hello-1.3.tar.gz	bgzip-libdeflate	1	fast	25	2.80083e+06	2.67896e+06	2.88023e+06	2558563	2976086	2.87949e+06	3121152	307200	91686	97740	109.682	3.14303	1.23556	0.89952	4.33951	7.51298	5688427	10387496
bgzf	compress	generalized	sanity	hello-1.3.tar.gz	bgzip-libdeflate	5	balanced	25	5.23709e+06	5.12279e+06	5.51755e+06	5016917	5897941	3.31776e+06	3399680	307200	91686	91240	58.6586	3.36694	1.16944	0.989234	5	7.706	14221935	23847476
bgzf	compress	generalized	sanity	hello-1.3.tar.gz	bgzip-libdeflate	9	dense	25	5.94585e+07	5.90468e+07	5.99956e+07	58596015	61474330	4.43597e+06	4513792	307200	91686	87448	5.16663	3.51294	10.7837	0.954495	6.68519	1.60673	207982572	415227247
bgzf	compress	generalized	sanity	hello-1.3.tar.gz	bgzip-zlib-ng	1	fast	25	2.66489e+06	2.55877e+06	2.7563e+06	2471703	3777319	3.06381e+06	3186688	307200	91686	130901	115.277	2.34681	1.17559	1.20471	4.61728	7.71975	5172634	7112302
bgzf	compress	generalized	sanity	hello-1.3.tar.gz	bgzip-zlib-ng	5	balanced	25	5.03625e+06	4.95416e+06	5.24703e+06	4809415	6472834	3.05152e+06	3186688	307200	91686	92734	60.9978	3.3127	1.12459	1.00543	4.59877	5.91145	13667720	21511588
bgzf	compress	generalized	sanity	hello-1.3.tar.gz	bgzip-zlib-ng	9	dense	25	1.05429e+07	1.04281e+07	1.07734e+07	10152533	11867442	3.12525e+06	3186688	307200	91686	91565	29.1381	3.35499	1.91212	0.999432	4.70988	3.31195	33613462	47288737
bgzf	compress	generalized	sanity	hello-1.3.tar.gz	zipir-bgzf	1	fast	25	2.26685e+06	2.25203e+06	2.4343e+06	2222532	2604004	663552	663552	307200	91686	108658	135.518	2.82722	1	1	1	8.09362	5907213	10631452
bgzf	compress	generalized	sanity	hello-1.3.tar.gz	zipir-bgzf	5	balanced	25	4.4783e+06	4.44838e+06	4.60931e+06	4411533	6184632	663552	663552	307200	91686	92233	68.5974	3.3307	1	1	1	3.61774	13806954	27581214
bgzf	compress	generalized	sanity	hello-1.3.tar.gz	zipir-bgzf	9	dense	25	5.51372e+06	5.43326e+06	5.5972e+06	5373148	5743010	663552	663552	307200	91686	91617	55.7156	3.35309	1	1	1	3.01734	17393581	34833228
bgzf	compress	generalized	small	cantrbry.tar.gz	bgzip-libdeflate	1	fast	25	1.32932e+07	1.31979e+07	1.34681e+07	13026238	17585321	2.81395e+06	3125248	2.82112e+06	756613	812612	212.223	3.47167	0.899232	0.915805	4.24074	2.04708	42527567	93416572
bgzf	compress	generalized	small	cantrbry.tar.gz	bgzip-libdeflate	5	balanced	25	3.50823e+07	3.49269e+07	3.59677e+07	34715460	48596593	3.14163e+06	3383296	2.82112e+06	756613	745080	80.4143	3.78633	1.00945	0.982007	4.73457	2.97984	121992526	229641572
bgzf	compress	generalized	small	cantrbry.tar.gz	bgzip-libdeflate	9	dense	25	5.32993e+08	5.31669e+08	5.34126e+08	529624427	629866369	4.7063e+06	4882432	2.82112e+06	756613	699599	5.29298	4.03248	12.2053	0.928841	7.09259	0.462057	1942892474	4557484664
bgzf	compress	generalized	small	cantrbry.tar.gz	bgzip-zlib-ng	1	fast	25	1.19958e+07	1.19e+07	1.22389e+07	11570900	20600787	3.05562e+06	3186688	2.82112e+06	756613	1.16828e+06	235.176	2.41477	0.81147	1.31663	4.60494	2.84826	37533914	59857859
bgzf	compress	generalized	small	cantrbry.tar.gz	bgzip-zlib-ng	5	balanced	25	3.13629e+07	3.11573e+07	3.18916e+07	30839641	39821037	3.06381e+06	3186688	2.82112e+06	756613	770772	89.951	3.66012	0.902431	1.01587	4.61728	2.35689	107972454	197461923
bgzf	compress	generalized	small	cantrbry.tar.gz	bgzip-zlib-ng	9	dense	25	2.29565e+08	2.29246e+08	2.30469e+08	228342919	239603127	3.05562e+06	3186688	2.82112e+06	756613	753349	12.289	3.74477	5.25694	1.0002	4.60494	0.533154	836266445	1124944611
bgzf	compress	generalized	small	cantrbry.tar.gz	zipir-bgzf	1	fast	25	1.47828e+07	1.47408e+07	1.49072e+07	14653617	15486680	663552	663552	2.82112e+06	756613	887320	190.838	3.17937	1	1	1	1.12864	50061828	95588721
bgzf	compress	generalized	small	cantrbry.tar.gz	zipir-bgzf	5	balanced	25	3.47538e+07	3.45951e+07	3.56501e+07	34374779	42557011	663552	663552	2.82112e+06	756613	758732	81.1745	3.7182	1	1	1	3.04955	123119273	276466985
bgzf	compress	generalized	small	cantrbry.tar.gz	zipir-bgzf	9	dense	25	4.3669e+07	4.33737e+07	4.48197e+07	43219065	58133203	663552	663552	2.82112e+06	756613	753196	64.6024	3.74553	1	1	1	3.33376	155736168	345662480
bgzf	compress	ms	medium	PRIDE_Exp_Complete_Ac_22134.xml.gz	bgzip-libdeflate	1	fast	25	1.87207e+08	1.85909e+08	1.92524e+08	183744962	207232939	2.8672e+06	3137536	4.80386e+07	1.1301e+07	1.19488e+07	256.607	4.02037	0.994523	0.966259	4.8951	3.55787	651043260	1285071752
bgzf	compress	ms	medium	PRIDE_Exp_Complete_Ac_22134.xml.gz	bgzip-libdeflate	5	balanced	25	3.55194e+08	3.48374e+08	3.61821e+08	345551775	381480313	3.26451e+06	3399680	4.80386e+07	1.1301e+07	1.13365e+07	135.246	4.23751	0.887438	0.991212	5.57343	3.86	1255461603	2738011654
bgzf	compress	ms	medium	PRIDE_Exp_Complete_Ac_22134.xml.gz	bgzip-libdeflate	9	dense	25	1.00156e+10	9.94814e+09	1.04871e+10	9864554756	10748071690	4.96026e+06	5050368	4.80386e+07	1.1301e+07	1.10196e+07	4.79638	4.35939	22.5553	0.971527	8.46853	5.41763	36462760282	92070457615
bgzf	compress	ms	medium	PRIDE_Exp_Complete_Ac_22134.xml.gz	bgzip-zlib-ng	1	fast	25	1.38945e+08	1.37671e+08	1.42937e+08	136296747	157530651	3.06381e+06	3186688	4.80386e+07	1.1301e+07	1.50534e+07	345.739	3.19121	0.738133	1.21732	5.23077	3.82462	474758669	844788699
bgzf	compress	ms	medium	PRIDE_Exp_Complete_Ac_22134.xml.gz	bgzip-zlib-ng	5	balanced	25	3.39497e+08	3.36442e+08	3.51401e+08	333305044	366577569	3.08019e+06	3186688	4.80386e+07	1.1301e+07	1.14462e+07	141.499	4.1969	0.848219	1.0008	5.25874	4.44646	1203261027	2511391366
bgzf	compress	ms	medium	PRIDE_Exp_Complete_Ac_22134.xml.gz	bgzip-zlib-ng	9	dense	25	7.21478e+08	7.12117e+08	7.33847e+08	707336890	794772134	3.05152e+06	3186688	4.80386e+07	1.1301e+07	1.14335e+07	66.5836	4.20157	1.62478	1.00802	5.20979	3.05149	2586146497	4428710979
bgzf	compress	ms	medium	PRIDE_Exp_Complete_Ac_22134.xml.gz	zipir-bgzf	1	fast	25	1.88238e+08	1.86351e+08	1.93089e+08	184813427	211257298	585728	585728	4.80386e+07	1.1301e+07	1.2366e+07	255.201	3.88472	1	1	1	3.61579	657859810	1171097272
bgzf	compress	ms	medium	PRIDE_Exp_Complete_Ac_22134.xml.gz	zipir-bgzf	5	balanced	25	4.00247e+08	3.94069e+08	4.12118e+08	390197796	420561147	585728	585728	4.80386e+07	1.1301e+07	1.1437e+07	120.023	4.20027	1	1	1	4.58012	1417985696	2929593309
bgzf	compress	ms	medium	PRIDE_Exp_Complete_Ac_22134.xml.gz	zipir-bgzf	9	dense	25	4.44045e+08	4.38853e+08	4.6093e+08	434656007	482770066	585728	585728	4.80386e+07	1.1301e+07	1.13425e+07	108.184	4.23527	1	1	1	5.03057	1583219212	3296142820
bgzf	compress	ms	sanity	55merge_omssa.mzid.gz	bgzip-libdeflate	1	fast	25	1.4307e+06	1.39752e+06	1.5239e+06	1379238	1690458	3.04333e+06	3137536	115911	14564	16340	81.0172	7.0937	1.66965	0.95483	4.58642	9.04325	1557164	2832284
bgzf	compress	ms	sanity	55merge_omssa.mzid.gz	bgzip-libdeflate	5	balanced	25	1.91606e+06	1.89344e+06	1.94038e+06	1886120	2003991	3.33005e+06	3399680	115911	14564	14376	60.4945	8.06281	1.56502	0.976564	5.01852	2.47909	2927687	5570524
bgzf	compress	ms	sanity	55merge_omssa.mzid.gz	bgzip-libdeflate	9	dense	25	4.14298e+07	4.13131e+07	4.15885e+07	41188735	41915578	4.88243e+06	4964352	115911	14564	13138	2.79777	8.82258	28.9315	0.90153	7.35802	0.666665	142331447	342167952
bgzf	compress	ms	sanity	55merge_omssa.mzid.gz	bgzip-zlib-ng	1	fast	25	1.3828e+06	1.35438e+06	1.44936e+06	1335367	1500978	3.06381e+06	3186688	115911	14564	20392	83.8236	5.68414	1.61375	1.19161	4.61728	7.01281	1121859	1353571
bgzf	compress	ms	sanity	55merge_omssa.mzid.gz	bgzip-zlib-ng	5	balanced	25	1.80994e+06	1.80045e+06	1.83563e+06	1774399	1869690	3.05562e+06	3182592	115911	14564	14689	64.0414	7.89101	1.47834	0.997826	4.60494	1.9539	2640103	4787183
bgzf	compress	ms	sanity	55merge_omssa.mzid.gz	bgzip-zlib-ng	9	dense	25	2.67927e+06	2.6356e+06	2.74202e+06	2607104	2839285	3.06381e+06	3186688	115911	14564	14503	43.2621	7.99221	1.87101	0.995197	4.61728	4.03782	5754063	10110661
bgzf	compress	ms	sanity	55merge_omssa.mzid.gz	zipir-bgzf	1	fast	25	856884	852654	864405	846904	885344	663552	663552	115911	14564	17113	135.27	6.77327	1	1	1	1.37817	1096762	1934565
bgzf	compress	ms	sanity	55merge_omssa.mzid.gz	zipir-bgzf	5	balanced	25	1.22431e+06	1.20841e+06	1.25174e+06	1201297	1289056	663552	663552	115911	14564	14721	94.6748	7.87385	1	1	1	3.58572	2337433	5184962
bgzf	compress	ms	sanity	55merge_omssa.mzid.gz	zipir-bgzf	9	dense	25	1.432e+06	1.40729e+06	1.46664e+06	1386267	1556878	663552	663552	115911	14564	14573	80.9436	7.95382	1	1	1	4.21733	3045663	6487669
bgzf	compress	ms	small	55merge_tandem.mzid.gz	bgzip-libdeflate	1	fast	25	6.70588e+06	6.57796e+06	6.8157e+06	6465453	6912636	2.81395e+06	3137536	1.23794e+06	273902	290993	184.605	4.25417	1.09773	0.976336	4.24074	3.61407	19504373	35382812
bgzf	compress	ms	small	55merge_tandem.mzid.gz	bgzip-libdeflate	5	balanced	25	1.07845e+07	1.06923e+07	1.10761e+07	10579805	12066543	3.0761e+06	3399680	1.23794e+06	273902	265302	114.788	4.66614	0.909523	0.956374	4.6358	3.59018	34430392	73062252
bgzf	compress	ms	small	55merge_tandem.mzid.gz	bgzip-libdeflate	9	dense	25	4.31501e+08	4.28453e+08	4.3698e+08	425523576	468217077	5.24288e+06	5582848	1.23794e+06	273902	251215	2.8689	4.92779	34.1362	0.915323	7.90123	1.99037	1572329865	3954516797
bgzf	compress	ms	small	55merge_tandem.mzid.gz	bgzip-zlib-ng	1	fast	25	5.37545e+06	5.3229e+06	5.56595e+06	5243077	5766460	3.06381e+06	3186688	1.23794e+06	273902	423850	230.294	2.92069	0.879945	1.4221	4.61728	4.56612	14739870	22998786
bgzf	compress	ms	small	55merge_tandem.mzid.gz	bgzip-zlib-ng	5	balanced	25	1.10224e+07	1.09562e+07	1.12547e+07	10806786	12645876	3.05562e+06	3186688	1.23794e+06	273902	275061	112.311	4.50058	0.929584	0.991554	4.60494	2.72451	35412947	69234222
bgzf	compress	ms	small	55merge_tandem.mzid.gz	bgzip-zlib-ng	9	dense	25	2.37169e+07	2.35029e+07	2.39997e+07	23223911	25393102	3.06381e+06	3186688	1.23794e+06	273902	287861	52.1963	4.30046	1.87625	1.04885	4.61728	2.11362	81517433	139406705
bgzf	compress	ms	small	55merge_tandem.mzid.gz	zipir-bgzf	1	fast	25	6.10884e+06	6.06441e+06	6.22605e+06	6034151	6598934	663552	663552	1.23794e+06	273902	298046	202.646	4.1535	1	1	1	2.66542	19473312	32445585
bgzf	compress	ms	small	55merge_tandem.mzid.gz	zipir-bgzf	5	balanced	25	1.18573e+07	1.17889e+07	1.1962e+07	11721131	12146543	663552	663552	1.23794e+06	273902	277404	104.402	4.46257	1	1	1	1.46817	40325843	74516421
bgzf	compress	ms	small	55merge_tandem.mzid.gz	zipir-bgzf	9	dense	25	1.26406e+07	1.2471e+07	1.2762e+07	12451095	13311949	663552	663552	1.23794e+06	273902	274455	97.9335	4.51052	1	1	1	2.33342	43030117	79231528
bgzf	compress	sequencing	medium	chr21.bam	bgzip-libdeflate	1	fast	25	2.58186e+08	2.5738e+08	2.60983e+08	256218479	273165661	3.00237e+06	3137536	7.62462e+07	1.28812e+07	1.44331e+07	295.314	5.28273	0.973148	0.845755	4.52469	1.39978	902530148	2013705538
bgzf	compress	sequencing	medium	chr21.bam	bgzip-libdeflate	5	balanced	25	7.47694e+08	7.42991e+08	7.50084e+08	739517184	766526186	3.0761e+06	3399680	7.62462e+07	1.28812e+07	1.30334e+07	101.975	5.85004	1.12676	0.974268	4.6358	0.954638	2695377628	4752468961
bgzf	compress	sequencing	medium	chr21.bam	bgzip-libdeflate	9	dense	25	2.50313e+10	2.48963e+10	2.51933e+10	24860030701	25498666684	4.99712e+06	5218304	7.62462e+07	1.28812e+07	1.21094e+07	3.04603	6.29647	26.2786	0.924401	7.53086	1.19282	91904914969	184637060542
bgzf	compress	sequencing	medium	chr21.bam	bgzip-zlib-ng	1	fast	25	2.06328e+08	2.05462e+08	2.07448e+08	204465746	212675217	3.05562e+06	3186688	7.62462e+07	1.28812e+07	2.05418e+07	369.538	3.71176	0.777686	1.20371	4.60494	0.966512	709420886	1084981422
bgzf	compress	sequencing	medium	chr21.bam	bgzip-zlib-ng	5	balanced	25	6.59703e+08	6.56502e+08	6.68837e+08	654270589	700515944	3.08019e+06	3186688	7.62462e+07	1.28812e+07	1.32409e+07	115.577	5.75839	0.994154	0.989775	4.64198	1.87901	2376012533	4134061437
bgzf	compress	sequencing	medium	chr21.bam	bgzip-zlib-ng	9	dense	25	2.36426e+09	2.35435e+09	2.37712e+09	2347693582	2422292315	3.06381e+06	3186688	7.62462e+07	1.28812e+07	1.28269e+07	32.2495	5.94423	2.48207	0.979178	4.61728	0.966911	8629769594	12010913512
bgzf	compress	sequencing	medium	chr21.bam	zipir-bgzf	1	fast	25	2.65311e+08	2.63061e+08	2.67451e+08	262152237	276082835	663552	663552	7.62462e+07	1.28812e+07	1.70654e+07	287.385	4.4679	1	1	1	1.66868	931700470	1781290486
bgzf	compress	sequencing	medium	chr21.bam	zipir-bgzf	5	balanced	25	6.63582e+08	6.62279e+08	6.70299e+08	660546259	689879442	663552	663552	7.62462e+07	1.28812e+07	1.33777e+07	114.901	5.69951	1	1	1	1.21108	2395796139	5174846951
bgzf	compress	sequencing	medium	chr21.bam	zipir-bgzf	9	dense	25	9.52537e+08	9.47126e+08	9.5839e+08	944512913	975602484	663552	663552	7.62462e+07	1.28812e+07	1.30997e+07	80.0454	5.82047	1	1	1	1.1892	3448892180	7523314634
bgzf	compress	sequencing	sanity	test1.vcf.gz	bgzip-libdeflate	1	fast	25	1.00324e+06	990935	1.02682e+06	981865	1145385	3.04333e+06	3137536	3193	1107	1129	3.18267	2.82817	2.188	0.969099	5.02027	3.62183	444337	473781
bgzf	compress	sequencing	sanity	test1.vcf.gz	bgzip-libdeflate	5	balanced	25	1.08293e+06	1.07366e+06	1.16299e+06	1053005	1320037	3.0679e+06	3137536	3193	1107	1107	2.94849	2.88437	2.29636	0.998197	5.06081	8.32027	510498	593187
bgzf	compress	sequencing	sanity	test1.vcf.gz	bgzip-libdeflate	9	dense	25	1.67929e+06	1.66615e+06	1.70961e+06	1635718	1792009	3.14163e+06	3350528	3193	1107	1096	1.9014	2.91332	3.57278	0.990063	5.18243	2.60847	1693617	3621690
bgzf	compress	sequencing	sanity	test1.vcf.gz	bgzip-zlib-ng	1	fast	25	1.01014e+06	1.00116e+06	1.12452e+06	978625	1224876	2.79347e+06	2924544	3193	1107	1394	3.16093	2.29053	2.20305	1.19657	4.60811	12.3219	383050	321149
bgzf	compress	sequencing	sanity	test1.vcf.gz	bgzip-zlib-ng	5	balanced	25	1.06221e+06	1.04378e+06	1.11338e+06	1037065	1202656	2.8631e+06	2924544	3193	1107	1109	3.00601	2.87917	2.25243	1	4.72297	6.66727	518903	526663
bgzf	compress	sequencing	sanity	test1.vcf.gz	bgzip-zlib-ng	9	dense	25	1.08784e+06	1.06544e+06	1.19502e+06	1053255	1289817	2.80166e+06	2924544	3193	1107	1111	2.93519	2.87399	2.31443	1.00361	4.62162	12.1623	579808	610404
bgzf	compress	sequencing	sanity	test1.vcf.gz	zipir-bgzf	1	fast	25	458522	454832	467803	441162	481493	606208	606208	3193	1107	1165	6.96368	2.74077	1	1	1	2.85182	184165	304282
bgzf	compress	sequencing	sanity	test1.vcf.gz	zipir-bgzf	5	balanced	25	471583	465342	478802	454372	590723	606208	606208	3193	1107	1109	6.77081	2.87917	1	1	1	2.8925	224243	407285
bgzf	compress	sequencing	sanity	test1.vcf.gz	zipir-bgzf	9	dense	25	470023	465502	477742	456473	486563	606208	606208	3193	1107	1107	6.79328	2.88437	1	1	1	2.62942	224750	408793
bgzf	compress	sequencing	small	hapmap_3.pop_stratified_chr21.vcf.gz	bgzip-libdeflate	1	fast	25	4.70515e+07	4.69386e+07	4.72154e+07	46691803	49462867	2.87949e+06	3137536	1.14546e+07	2.45861e+06	2.87355e+06	243.449	3.98623	0.912552	0.875746	4.33951	0.589581	161934653	362879059
bgzf	compress	sequencing	small	hapmap_3.pop_stratified_chr21.vcf.gz	bgzip-libdeflate	5	balanced	25	1.2578e+08	1.25145e+08	1.26381e+08	124621178	132557540	3.10067e+06	3399680	1.14546e+07	2.45861e+06	2.36226e+06	91.069	4.84902	1.07857	0.943427	4.67284	0.987987	450049953	797296714
bgzf	compress	sequencing	small	hapmap_3.pop_stratified_chr21.vcf.gz	bgzip-libdeflate	9	dense	25	3.84992e+09	3.83931e+09	3.87176e+09	3824285200	3922200320	5.20192e+06	5292032	1.14546e+07	2.45861e+06	2.12509e+06	2.97529	5.3902	21.9122	0.886553	7.83951	0.845333	14130097755	26397347493
bgzf	compress	sequencing	small	hapmap_3.pop_stratified_chr21.vcf.gz	bgzip-zlib-ng	1	fast	25	4.26061e+07	4.23942e+07	4.29328e+07	42133560	46395592	3.08019e+06	3186688	1.14546e+07	2.45861e+06	4.26118e+06	268.85	2.68814	0.826333	1.29864	4.64198	1.27044	144996712	217929465
bgzf	compress	sequencing	small	hapmap_3.pop_stratified_chr21.vcf.gz	bgzip-zlib-ng	5	balanced	25	1.14943e+08	1.14446e+08	1.16043e+08	113877952	123885475	3.12525e+06	3186688	1.14546e+07	2.45861e+06	2.45446e+06	99.6547	4.66687	0.98565	0.98025	4.70988	1.39537	410864557	698404337
bgzf	compress	sequencing	small	hapmap_3.pop_stratified_chr21.vcf.gz	bgzip-zlib-ng	9	dense	25	3.05774e+08	3.03677e+08	3.0922e+08	302720416	328152589	3.06381e+06	3186688	1.14546e+07	2.45861e+06	2.39791e+06	37.4611	4.77693	1.74034	1.00037	4.61728	1.82521	1112619872	1583454670
bgzf	compress	sequencing	small	hapmap_3.pop_stratified_chr21.vcf.gz	zipir-bgzf	1	fast	25	5.15604e+07	5.13548e+07	5.20576e+07	50975906	53997051	663552	663552	1.14546e+07	2.45861e+06	3.28126e+06	222.16	3.49092	1	1	1	1.36854	180496685	356433917
bgzf	compress	sequencing	small	hapmap_3.pop_stratified_chr21.vcf.gz	zipir-bgzf	5	balanced	25	1.16617e+08	1.15988e+08	1.18053e+08	115529382	123850494	663552	663552	1.14546e+07	2.45861e+06	2.50391e+06	98.2247	4.57469	1	1	1	1.78054	419565485	897221205
bgzf	compress	sequencing	small	hapmap_3.pop_stratified_chr21.vcf.gz	zipir-bgzf	9	dense	25	1.75698e+08	1.75021e+08	1.78212e+08	173935465	186720992	663552	663552	1.14546e+07	2.45861e+06	2.39702e+06	65.1951	4.7787	1	1	1	1.82335	636691306	1459309078
bgzf	decompress	generalized	medium	silesia.tar.gz	bgzip-libdeflate	-	-	25	2.77033e+08	2.74866e+08	2.81302e+08	272662180	286916184	2.79347e+06	2859008	2.11948e+08	7.14949e+07	7.14949e+07	765.062	2.96451	0.846022		4.34395	2.34158	971013135	1761588677
bgzf	decompress	generalized	medium	silesia.tar.gz	bgzip-zlib-ng	-	-	25	3.46406e+08	3.44329e+08	3.49354e+08	342160251	372450669	2.59686e+06	2654208	2.11948e+08	7.14949e+07	7.14949e+07	611.846	2.96451	1.05788		4.03822	1.45953	1228516631	2172835221
bgzf	decompress	generalized	medium	silesia.tar.gz	zipir-bgzf	-	-	25	3.27454e+08	3.24733e+08	3.33514e+08	320129147	354855568	643072	643072	2.11948e+08	7.14949e+07	7.14949e+07	647.259	2.96451	1		1	2.70422	1172662508	3337439526
bgzf	decompress	generalized	sanity	hello-1.3.tar.gz	bgzip-libdeflate	-	-	25	1.28894e+06	1.27423e+06	1.33051e+06	1256227	1418768	2.61734e+06	2875392	307200	91686	91686	238.336	3.35057	1.33321		4.07006	4.4168	1687889	2778982
bgzf	decompress	generalized	sanity	hello-1.3.tar.gz	bgzip-zlib-ng	-	-	25	1.33474e+06	1.33106e+06	1.3472e+06	1313667	1487647	2.55181e+06	2654208	307200	91686	91686	230.158	3.35057	1.38058		3.96815	1.21257	1991170	3266888
bgzf	decompress	generalized	sanity	hello-1.3.tar.gz	zipir-bgzf	-	-	25	966795	963965	977215	954084	1133056	643072	643072	307200	91686	91686	317.751	3.35057	1		1	1.37453	1691872	4338533
bgzf	decompress	generalized	small	cantrbry.tar.gz	bgzip-libdeflate	-	-	25	4.40666e+06	4.39422e+06	4.43461e+06	4362541	4617202	2.74432e+06	2875392	2.82112e+06	756613	756613	640.194	3.72862	1.03401		4.26752	0.919162	12673374	23332091
bgzf	decompress	generalized	small	cantrbry.tar.gz	bgzip-zlib-ng	-	-	25	4.88346e+06	4.86583e+06	4.94062e+06	4840633	4968024	2.59277e+06	2654208	2.82112e+06	756613	756613	577.688	3.72862	1.14589		4.03185	1.53706	14549196	28154831
bgzf	decompress	generalized	small	cantrbry.tar.gz	zipir-bgzf	-	-	25	4.26173e+06	4.25084e+06	4.27415e+06	4226860	4471582	643072	643072	2.82112e+06	756613	756613	661.966	3.72862	1		1	0.548362	13513720	38484265
bgzf	decompress	ms	medium	PRIDE_Exp_Complete_Ac_22134.xml.gz	bgzip-libdeflate	-	-	25	4.92949e+07	4.89501e+07	4.95457e+07	48714922	51049113	2.55181e+06	2875392	4.80386e+07	1.1301e+07	1.1301e+07	974.516	4.25083	0.916273		3.96815	1.21686	170376896	287374599
bgzf	decompress	ms	medium	PRIDE_Exp_Complete_Ac_22134.xml.gz	bgzip-zlib-ng	-	-	25	5.86307e+07	5.85154e+07	5.89679e+07	58180808	59910547	2.49446e+06	2600960	4.80386e+07	1.1301e+07	1.1301e+07	819.343	4.25083	1.0898		3.87898	0.773354	204868082	349821091
bgzf	decompress	ms	medium	PRIDE_Exp_Complete_Ac_22134.xml.gz	zipir-bgzf	-	-	25	5.37993e+07	5.36058e+07	5.42117e+07	52995463	55314484	643072	643072	4.80386e+07	1.1301e+07	1.1301e+07	892.922	4.25083	1		1	1.13044	191013537	570225886
bgzf	decompress	ms	sanity	55merge_omssa.mzid.gz	bgzip-libdeflate	-	-	25	963925	949275	1.0346e+06	938475	1221046	2.7689e+06	2859008	115911	14564	14564	120.249	7.95873	1.85316		4.30573	8.98897	584749	677357
bgzf	decompress	ms	sanity	55merge_omssa.mzid.gz	bgzip-zlib-ng	-	-	25	946795	930955	1.04116e+06	916845	1154026	2.53133e+06	2654208	115911	14564	14564	122.425	7.95873	1.82022		3.93631	11.8373	602628	706258
bgzf	decompress	ms	sanity	55merge_omssa.mzid.gz	zipir-bgzf	-	-	25	520153	517343	533903	499763	646353	643072	643072	115911	14564	14564	222.84	7.95873	1		1	3.20097	323235	751256
bgzf	decompress	ms	small	55merge_tandem.mzid.gz	bgzip-libdeflate	-	-	25	2.34454e+06	2.33095e+06	2.39119e+06	2309712	2468043	2.7689e+06	2875392	1.23794e+06	273902	273902	528.007	4.51963	1.11041		4.30573	2.58435	5391051	8565365
bgzf	decompress	ms	small	55merge_tandem.mzid.gz	bgzip-zlib-ng	-	-	25	2.62418e+06	2.58975e+06	2.66019e+06	2564003	2716144	2.59277e+06	2600960	1.23794e+06	273902	273902	471.741	4.51963	1.24286		4.03185	2.71995	6463450	10249290
bgzf	decompress	ms	small	55merge_tandem.mzid.gz	zipir-bgzf	-	-	25	2.11141e+06	2.10205e+06	2.14018e+06	2095711	2235122	643072	643072	1.23794e+06	273902	273902	586.307	4.51963	1		1	1.81394	5748400	15417925
bgzf	decompress	sequencing	medium	chr21.bam	bgzip-libdeflate	-	-	25	6.35114e+07	6.33212e+07	6.41138e+07	63154219	65260760	2.61734e+06	2859008	7.62462e+07	1.28812e+07	1.28812e+07	1200.51	5.91917	0.858362		4.07006	1.25169	219283804	398425114
bgzf	decompress	sequencing	medium	chr21.bam	bgzip-zlib-ng	-	-	25	8.06698e+07	8.04759e+07	8.12163e+07	80128647	81805336	2.49446e+06	2654208	7.62462e+07	1.28812e+07	1.28812e+07	945.164	5.91917	1.09026		3.87898	0.920096	282539112	496860678
bgzf	decompress	sequencing	medium	chr21.bam	zipir-bgzf	-	-	25	7.39914e+07	7.3663e+07	7.43416e+07	73401412	75047520	643072	643072	7.62462e+07	1.28812e+07	1.28812e+07	1030.47	5.91917	1		1	0.921269	264234902	640787460
bgzf	decompress	sequencing	sanity	test1.vcf.gz	bgzip-libdeflate	-	-	25	821825	812634	829384	791974	956434	2.47398e+06	2613248	3193	1107	1107	3.88526	2.88437	2.12984		3.84713	2.0612	324970	274074
bgzf	decompress	sequencing	sanity	test1.vcf.gz	bgzip-zlib-ng	-	-	25	777674	770894	796134	759844	958425	2.26918e+06	2338816	3193	1107	1107	4.10583	2.88437	2.01542		3.52866	3.27412	301495	245584
bgzf	decompress	sequencing	sanity	test1.vcf.gz	zipir-bgzf	-	-	25	385862	381492	388702	367422	394892	643072	643072	3193	1107	1107	8.27498	2.88437	1		1	1.88995	55944	92890
bgzf	decompress	sequencing	small	hapmap_3.pop_stratified_chr21.vcf.gz	bgzip-libdeflate	-	-	25	1.15686e+07	1.15252e+07	1.1661e+07	11489520	11759671	2.7689e+06	2875392	1.14546e+07	2.45861e+06	2.45861e+06	990.149	4.65899	0.881855		4.30573	1.17831	37619826	77211655
bgzf	decompress	sequencing	small	hapmap_3.pop_stratified_chr21.vcf.gz	bgzip-zlib-ng	-	-	25	1.41853e+07	1.41338e+07	1.42391e+07	14057043	14542196	2.53542e+06	2600960	1.14546e+07	2.45861e+06	2.45861e+06	807.501	4.65899	1.08132		3.94268	0.744596	47330939	94221318
bgzf	decompress	sequencing	small	hapmap_3.pop_stratified_chr21.vcf.gz	zipir-bgzf	-	-	25	1.31185e+07	1.30862e+07	1.31679e+07	13045048	13298829	643072	643072	1.14546e+07	2.45861e+06	2.45861e+06	873.168	4.65899	1		1	0.625012	45207463	118089853
deflate	compress	generalized	sanity	hello-1.3.tar.deflate	zipir-deflate	1	fast	25	2.17607e+06	2.15391e+06	2.18761e+06	2138121	2829005	659456	659456	307200	88005	107089	141.172	2.86864	1	1	1	1.5646	5903648	10438735
deflate	compress	generalized	sanity	hello-1.3.tar.deflate	zipir-deflate	5	balanced	25	4.4716e+06	4.44523e+06	4.51225e+06	4419633	6122752	659456	659456	307200	88005	89002	68.7002	3.45161	1	1	1	1.50768	14216858	28424937
deflate	compress	generalized	sanity	hello-1.3.tar.deflate	zipir-deflate	9	dense	25	5.67686e+06	5.64656e+06	5.77794e+06	5585689	7140917	659456	659456	307200	88005	88202	54.1144	3.48291	1	1	1	2.32673	18562926	37220724
deflate	compress	generalized	sanity	hello-1.3.tar.deflate	zlib-ng-deflate	1	fast	25	2.1811e+06	2.16293e+06	2.2288e+06	2143831	2344552	1.98656e+06	2187264	307200	88005	128245	140.846	2.39542	1.00231	1.19756	3.01242	3.0454	4829443	6657485
deflate	compress	generalized	sanity	hello-1.3.tar.deflate	zlib-ng-deflate	5	balanced	25	4.68841e+06	4.62614e+06	4.80542e+06	4580984	5833770	1.99066e+06	2187264	307200	88005	89084	65.5232	3.44843	1.04849	1.00092	3.01863	3.87517	13783033	21264010
deflate	compress	generalized	sanity	hello-1.3.tar.deflate	zlib-ng-deflate	9	dense	25	1.0814e+07	1.0758e+07	1.08756e+07	10714226	11858451	1.98656e+06	2187264	307200	88005	87862	28.4077	3.49639	1.90492	0.996145	3.01242	1.09267	36273323	49361147
deflate	compress	generalized	small	cantrbry.tar.deflate	zipir-deflate	1	fast	25	1.42389e+07	1.41688e+07	1.45517e+07	14088352	17582101	659456	659456	2.82112e+06	736394	876450	198.128	3.2188	1	1	1	2.70199	48789055	93172843
deflate	compress	generalized	small	cantrbry.tar.deflate	zipir-deflate	5	balanced	25	3.52603e+07	3.51969e+07	3.55047e+07	35072692	35819306	659456	659456	2.82112e+06	736394	737056	80.0084	3.82755	1	1	1	0.874487	125909696	288650240
deflate	compress	generalized	small	cantrbry.tar.deflate	zipir-deflate	9	dense	25	4.5737e+07	4.56825e+07	4.58721e+07	45567336	62351104	659456	659456	2.82112e+06	736394	729770	61.6813	3.86577	1	1	1	0.415019	164217497	362621852
deflate	compress	generalized	small	cantrbry.tar.deflate	zlib-ng-deflate	1	fast	25	1.12576e+07	1.11837e+07	1.14876e+07	10959417	14095823	1.96198e+06	2187264	2.82112e+06	736394	1.15177e+06	250.598	2.44938	0.790622	1.31413	2.97516	2.71699	36293213	56959045
deflate	compress	generalized	small	cantrbry.tar.deflate	zlib-ng-deflate	5	balanced	25	3.09586e+07	3.07836e+07	3.11538e+07	30445378	31682825	1.98656e+06	2048000	2.82112e+06	736394	750382	91.1255	3.75958	0.878002	1.01808	3.01242	1.20286	108395276	195182335
deflate	compress	generalized	small	cantrbry.tar.deflate	zlib-ng-deflate	9	dense	25	2.72908e+08	2.72572e+08	2.73781e+08	272065721	297743654	1.98656e+06	2187264	2.82112e+06	736394	733386	10.3373	3.84671	5.96688	1.00495	3.01242	0.443691	998679561	1301086425
deflate	compress	ms	medium	PRIDE_Exp_Complete_Ac_22134.xml.deflate	zipir-deflate	1	fast	25	1.91942e+08	1.91668e+08	1.93045e+08	191037527	201076207	659456	659456	4.80386e+07	1.05415e+07	1.18897e+07	250.277	4.04034	1	1	1	0.718328	677575361	1138107717
deflate	compress	ms	medium	PRIDE_Exp_Complete_Ac_22134.xml.deflate	zipir-deflate	5	balanced	25	4.15442e+08	4.13595e+08	4.22083e+08	411668982	459304360	659456	659456	4.80386e+07	1.05415e+07	1.07089e+07	115.633	4.48586	1	1	1	2.05225	1495282633	2911044580
deflate	compress	ms	medium	PRIDE_Exp_Complete_Ac_22134.xml.deflate	zipir-deflate	9	dense	25	4.66455e+08	4.61677e+08	4.74795e+08	458574136	496032991	659456	659456	4.80386e+07	1.05415e+07	1.06114e+07	102.987	4.52708	1	1	1	2.84143	1681932816	3245917019
deflate	compress	ms	medium	PRIDE_Exp_Complete_Ac_22134.xml.deflate	zlib-ng-deflate	1	fast	25	1.43738e+08	1.4328e+08	1.45116e+08	142068145	148787358	1.98656e+06	2187264	4.80386e+07	1.05415e+07	1.44181e+07	334.21	3.33183	0.748863	1.21265	3.01242	1.28152	499293616	793452548
deflate	compress	ms	medium	PRIDE_Exp_Complete_Ac_22134.xml.deflate	zlib-ng-deflate	5	balanced	25	3.29554e+08	3.27327e+08	3.32681e+08	325384484	338178117	1.99066e+06	2187264	4.80386e+07	1.05415e+07	1.07186e+07	145.769	4.48181	0.793262	1.0009	3.01863	1.63585	1178106155	2404223116
deflate	compress	ms	medium	PRIDE_Exp_Complete_Ac_22134.xml.deflate	zlib-ng-deflate	9	dense	25	7.43631e+08	7.41892e+08	7.50752e+08	739660190	772140401	1.99885e+06	2187264	4.80386e+07	1.05415e+07	1.06489e+07	64.6001	4.51114	1.59422	1.00353	3.03106	1.19423	2700706345	4514231434
deflate	compress	ms	sanity	55merge_omssa.mzid.deflate	zipir-deflate	1	fast	25	767474	756444	831194	740413	993185	659456	659456	115911	14091	16586	151.029	6.98848	1	1	1	9.88176	1011239	1772275
deflate	compress	ms	sanity	55merge_omssa.mzid.deflate	zipir-deflate	5	balanced	25	1.13932e+06	1.12445e+06	1.20615e+06	1114356	1404877	659456	659456	115911	14091	14052	101.737	8.24872	1	1	1	7.26589	2252721	5047337
deflate	compress	ms	sanity	55merge_omssa.mzid.deflate	zipir-deflate	9	dense	25	1.34069e+06	1.32985e+06	1.38837e+06	1304567	1520048	659456	659456	115911	14091	13853	86.4564	8.36721	1	1	1	4.40051	3010652	6470606
deflate	compress	ms	sanity	55merge_omssa.mzid.deflate	zlib-ng-deflate	1	fast	25	1.10498e+06	1.06432e+06	1.20731e+06	1044056	1476268	1.78586e+06	1998848	115911	14091	19783	104.899	5.85912	1.43976	1.19275	2.70807	13.435	966338	1229870
deflate	compress	ms	sanity	55merge_omssa.mzid.deflate	zlib-ng-deflate	5	balanced	25	1.51906e+06	1.47816e+06	1.65431e+06	1444827	1918490	1.93331e+06	2187264	115911	14091	14239	76.3045	8.14039	1.33331	1.01331	2.93168	11.9169	2428022	4583390
deflate	compress	ms	sanity	55merge_omssa.mzid.deflate	zlib-ng-deflate	9	dense	25	2.39411e+06	2.36037e+06	2.51262e+06	2332462	3391058	1.78586e+06	1998848	115911	14091	13961	48.415	8.30249	1.78574	1.0078	2.70807	6.45025	5597538	10117621
deflate	compress	ms	small	55merge_tandem.mzid.deflate	zipir-deflate	1	fast	25	6.25896e+06	6.16203e+06	6.33774e+06	6115231	6956606	598016	598016	1.23794e+06	263565	292232	197.786	4.23614	1	1	1	2.85151	19872311	31767057
deflate	compress	ms	small	55merge_tandem.mzid.deflate	zipir-deflate	5	balanced	25	1.26842e+07	1.25452e+07	1.28369e+07	12365715	14117383	598016	598016	1.23794e+06	263565	267138	97.5967	4.63407	1	1	1	2.32521	43192169	75936881
deflate	compress	ms	small	55merge_tandem.mzid.deflate	zipir-deflate	9	dense	25	1.35111e+07	1.34293e+07	1.36918e+07	13270539	14847557	598016	598016	1.23794e+06	263565	263733	91.6234	4.69389	1	1	1	1.95485	46374826	81503553
deflate	compress	ms	small	55merge_tandem.mzid.deflate	zlib-ng-deflate	1	fast	25	5.52702e+06	5.44121e+06	5.67484e+06	5211137	6427604	1.99066e+06	2187264	1.23794e+06	263565	411502	223.979	3.00833	0.883057	1.40813	3.32877	4.29371	15792397	21783097
deflate	compress	ms	small	55merge_tandem.mzid.deflate	zlib-ng-deflate	5	balanced	25	1.11182e+07	1.08935e+07	1.1342e+07	10681365	12902857	1.96198e+06	2187264	1.23794e+06	263565	265528	111.343	4.66216	0.876543	0.993973	3.28082	4.11713	36051921	66918394
deflate	compress	ms	small	55merge_tandem.mzid.deflate	zlib-ng-deflate	9	dense	25	2.52445e+07	2.50174e+07	2.57993e+07	24810809	26851239	1.96198e+06	2187264	1.23794e+06	263565	273789	49.0378	4.52149	1.86842	1.03813	3.28082	3.1254	87749908	145706304
deflate	compress	sequencing	medium	DRR003897.fastq.deflate	zipir-deflate	1	fast	25	3.73713e+08	3.69711e+08	3.77673e+08	365572544	391782120	659456	659456	5.71742e+07	2.15758e+07	2.61648e+07	152.99	2.18516	1	1	1	2.15347	1321338566	2607697087
deflate	compress	sequencing	medium	DRR003897.fastq.deflate	zipir-deflate	5	balanced	25	1.03591e+09	1.02672e+09	1.05967e+09	1018480412	1089074310	659456	659456	5.71742e+07	2.15758e+07	2.2396e+07	55.192	2.55288	1	1	1	3.20927	3751946606	8188566686
deflate	compress	sequencing	medium	DRR003897.fastq.deflate	zipir-deflate	9	dense	25	2.13022e+09	2.11643e+09	2.17423e+09	2106945114	2249021900	659456	659456	5.71742e+07	2.15758e+07	2.16565e+07	26.8396	2.64005	1	1	1	2.73119	7743808708	16680791604
deflate	compress	sequencing	medium	DRR003897.fastq.deflate	zlib-ng-deflate	1	fast	25	2.92679e+08	2.90419e+08	2.97611e+08	288443862	312972605	1.96608e+06	2187264	5.71742e+07	2.15758e+07	3.40913e+07	195.348	1.67709	0.783165	1.30295	2.98137	2.47629	1030799889	1687250855
deflate	compress	sequencing	medium	DRR003897.fastq.deflate	zlib-ng-deflate	5	balanced	25	1.08695e+09	1.07826e+09	1.10052e+09	1066324238	1119817670	1.99885e+06	2187264	5.71742e+07	2.15758e+07	2.20866e+07	52.6008	2.58863	1.04926	0.986187	3.03106	2.0642	3915760538	6109579102
deflate	compress	sequencing	medium	DRR003897.fastq.deflate	zlib-ng-deflate	9	dense	25	9.21907e+09	9.15503e+09	9.29432e+09	9095573010	9340597370	1.99066e+06	2187264	5.71742e+07	2.15758e+07	2.15897e+07	6.20173	2.64821	4.32776	0.996918	3.01863	1.52146	33491616417	31210504499
deflate	compress	sequencing	sanity	test_1.fastq.deflate	zipir-deflate	1	fast	25	619154	614583	624223	601933	856034	659456	659456	34590	9255	12020	55.8666	2.8777	1	1	1	1.56854	632235	1342117
deflate	compress	sequencing	sanity	test_1.fastq.deflate	zipir-deflate	5	balanced	25	969075	960125	1.0035e+06	951005	1268126	659456	659456	34590	9255	9614	35.6938	3.59788	1	1	1	4.51712	1809520	4100172
deflate	compress	sequencing	sanity	test_1.fastq.deflate	zipir-deflate	9	dense	25	1.27674e+06	1.26573e+06	1.28195e+06	1252937	1856820	659456	659456	34590	9255	9317	27.0925	3.71257	1	1	1	1.28156	2947290	6704010
deflate	compress	sequencing	sanity	test_1.fastq.deflate	zlib-ng-deflate	1	fast	25	969485	956295	1.03232e+06	938475	1229976	1.78586e+06	1998848	34590	9255	16125	35.6787	2.14512	1.56582	1.34151	2.70807	7.95048	698753	929954
deflate	compress	sequencing	sanity	test_1.fastq.deflate	zlib-ng-deflate	5	balanced	25	1.32814e+06	1.31984e+06	1.46233e+06	1289557	1921190	1.92512e+06	1998848	34590	9255	9421	26.044	3.67158	1.37052	0.979925	2.91925	10.7961	2003843	3034710
deflate	compress	sequencing	sanity	test_1.fastq.deflate	zlib-ng-deflate	9	dense	25	3.9985e+06	3.96422e+06	4.0563e+06	3908941	5034456	1.7367e+06	1998848	34590	9255	9194	8.65074	3.76224	3.13181	0.986798	2.63354	2.32275	11628525	13046699
deflate	compress	sequencing	small	SRR389222_sub1.fastq.deflate	zipir-deflate	1	fast	25	6.84278e+07	6.81822e+07	6.92025e+07	67788432	71904983	659456	659456	2.02181e+07	3.22922e+06	4.44108e+06	295.466	4.55251	1	1	1	1.4965	239154107	445622431
deflate	compress	sequencing	small	SRR389222_sub1.fastq.deflate	zipir-deflate	5	balanced	25	1.59408e+08	1.58924e+08	1.61061e+08	157994330	170461444	659456	659456	2.02181e+07	3.22922e+06	3.46653e+06	126.832	5.83237	1	1	1	1.34494	573715888	1228971745
deflate	compress	sequencing	small	SRR389222_sub1.fastq.deflate	zipir-deflate	9	dense	25	2.38592e+08	2.37515e+08	2.40077e+08	236358786	242839179	659456	659456	2.02181e+07	3.22922e+06	3.27624e+06	84.7391	6.17113	1	1	1	1.07898	864803466	1833819340
deflate	compress	sequencing	small	SRR389222_sub1.fastq.deflate	zlib-ng-deflate	1	fast	25	5.37087e+07	5.33697e+07	5.42051e+07	52973265	64868267	1.72442e+06	1998848	2.02181e+07	3.22922e+06	5.54187e+06	376.44	3.64824	0.784896	1.24786	2.61491	1.56515	183256793	284270949
deflate	compress	sequencing	small	SRR389222_sub1.fastq.deflate	zlib-ng-deflate	5	balanced	25	1.52873e+08	1.52118e+08	1.54548e+08	151364455	156740273	1.96608e+06	2187264	2.02181e+07	3.22922e+06	3.37003e+06	132.254	5.99938	0.959004	0.972163	2.98137	1.59757	547768414	951591999
deflate	compress	sequencing	small	SRR389222_sub1.fastq.deflate	zlib-ng-deflate	9	dense	25	4.55672e+08	4.53493e+08	4.58727e+08	452655347	466388069	1.98656e+06	2187264	2.02181e+07	3.22922e+06	3.23173e+06	44.3698	6.25611	1.90984	0.986416	3.01242	1.15431	1662482039	2535204548
deflate	decompress	generalized	medium	silesia.tar.deflate	zipir-deflate	-	-	25	2.83981e+08	2.8389e+08	2.84151e+08	283373061	284914539	643072	643072	2.11948e+08	6.85643e+07	6.85643e+07	746.344	3.09122	1		1	0.0919656	1019292074	2925868260
deflate	decompress	generalized	medium	silesia.tar.deflate	zlib-ng-deflate	-	-	25	3.33879e+08	3.33748e+08	3.34189e+08	333535035	338463780	1.69574e+06	1925120	2.11948e+08	6.85643e+07	6.85643e+07	634.804	3.09122	1.17571		2.63694	0.132026	1199612360	2092752072
deflate	decompress	generalized	sanity	hello-1.3.tar.deflate	zipir-deflate	-	-	25	915455	910294	928385	900074	1036586	643072	643072	307200	88005	88005	335.571	3.49071	1		1	1.98738	1515789	3799027
deflate	decompress	generalized	sanity	hello-1.3.tar.deflate	zlib-ng-deflate	-	-	25	1.23349e+06	1.2024e+06	1.29596e+06	1181546	1396397	1.72442e+06	1925120	307200	88005	88005	249.05	3.49071	1.3474		2.68153	7.78112	1908876	3151143
deflate	decompress	generalized	small	cantrbry.tar.deflate	zipir-deflate	-	-	25	3.74074e+06	3.7321e+06	3.7797e+06	3704479	4044871	643072	643072	2.82112e+06	736394	736394	754.161	3.83099	1		1	1.27542	11641956	33501588
deflate	decompress	generalized	small	cantrbry.tar.deflate	zlib-ng-deflate	-	-	25	4.65096e+06	4.64358e+06	4.72845e+06	4609184	4879495	1.7367e+06	1929216	2.82112e+06	736394	736394	606.567	3.83099	1.24333		2.70064	1.82766	14217017	27440308
deflate	decompress	ms	medium	PRIDE_Exp_Complete_Ac_22134.xml.deflate	zipir-deflate	-	-	25	4.61928e+07	4.60746e+07	4.63542e+07	45877478	54026047	643072	643072	4.80386e+07	1.05415e+07	1.05415e+07	1039.96	4.55711	1		1	0.606865	163342143	481503361
deflate	decompress	ms	medium	PRIDE_Exp_Complete_Ac_22134.xml.deflate	zlib-ng-deflate	-	-	25	5.60673e+07	5.5915e+07	5.61642e+07	55693146	64132408	1.72032e+06	1925120	4.80386e+07	1.05415e+07	1.05415e+07	856.802	4.55711	1.21377		2.67516	0.445608	198038556	324654328
deflate	decompress	ms	sanity	55merge_omssa.mzid.deflate	zipir-deflate	-	-	25	511023	504823	516863	495112	721514	643072	643072	115911	14091	14091	226.821	8.22589	1		1	2.38499	265785	644352
deflate	decompress	ms	sanity	55merge_omssa.mzid.deflate	zlib-ng-deflate	-	-	25	786984	781754	816745	771024	942085	1.47046e+06	1662976	115911	14091	14091	147.285	8.22589	1.54002		2.28662	4.47596	484490	583901
deflate	decompress	ms	small	55merge_tandem.mzid.deflate	zipir-deflate	-	-	25	2.04029e+06	2.00894e+06	2.1077e+06	1956360	2126641	643072	643072	1.23794e+06	263565	263565	606.744	4.69689	1		1	4.91602	5285416	13061392
deflate	decompress	ms	small	55merge_tandem.mzid.deflate	zlib-ng-deflate	-	-	25	2.61144e+06	2.57372e+06	2.66364e+06	2445902	2789505	1.7367e+06	1933312	1.23794e+06	263565	263565	474.043	4.69689	1.27994		2.70064	3.49381	6520866	9819251
deflate	decompress	sequencing	medium	DRR003897.fastq.deflate	zipir-deflate	-	-	25	1.00864e+08	1.00144e+08	1.0125e+08	99247666	102418043	643072	643072	5.71742e+07	2.15758e+07	2.15758e+07	566.847	2.64992	1		1	1.10494	358658891	918656217
deflate	decompress	sequencing	medium	DRR003897.fastq.deflate	zlib-ng-deflate	-	-	25	1.26412e+08	1.25399e+08	1.27093e+08	124629609	139947389	1.70394e+06	1925120	5.71742e+07	2.15758e+07	2.15758e+07	452.286	2.64992	1.25329		2.64968	1.35063	451297617	768651907
deflate	decompress	sequencing	sanity	test_1.fastq.deflate	zipir-deflate	-	-	25	461903	456712	478042	442322	577053	643072	643072	34590	9255	9255	74.8859	3.73744	1		1	4.67034	186386	440370
deflate	decompress	sequencing	sanity	test_1.fastq.deflate	zlib-ng-deflate	-	-	25	745604	735813	752044	717873	928864	1.4377e+06	1662976	34590	9255	9255	46.3919	3.73744	1.6142		2.23567	2.20586	378474	467193
deflate	decompress	sequencing	small	SRR389222_sub1.fastq.deflate	zipir-deflate	-	-	25	1.6703e+07	1.66589e+07	1.68133e+07	16578445	20845898	643072	643072	2.02181e+07	3.22922e+06	3.22922e+06	1210.44	6.26098	1		1	0.926843	57924517	137951060
deflate	decompress	sequencing	small	SRR389222_sub1.fastq.deflate	zlib-ng-deflate	-	-	25	2.08697e+07	2.07598e+07	2.09567e+07	20647247	21330071	1.70394e+06	1925120	2.02181e+07	3.22922e+06	3.22922e+06	968.775	6.26098	1.24946		2.64968	0.948085	72037323	110680915
gzip	compress	generalized	sanity	hello-1.3.tar.gz	igzip	0	fast	25	1.81674e+06	1.73575e+06	1.85943e+06	1676221	2048103	2.2528e+06	2265088	307200	87942	104875	169.094	2.9292	0.806593	0.979161	3.31325	7.12557	2977222	4823479
gzip	compress	generalized	sanity	hello-1.3.tar.gz	igzip	1	balanced	25	1.97178e+06	1.9166e+06	2.19945e+06	1875261	2746037	2.49856e+06	2527232	307200	87942	101322	155.798	3.03192	0.435694	1.13819	3.6747	14.758	3178747	4818128
gzip	compress	generalized	sanity	hello-1.3.tar.gz	igzip	2	dense	25	2.00431e+06	1.98061e+06	2.09721e+06	1907081	2595626	2.51085e+06	2621440	307200	87942	99643	153.269	3.08301	0.347954	1.12948	3.69277	5.88707	3231449	4729201
gzip	compress	generalized	sanity	hello-1.3.tar.gz	std-gzip	1	fast	25	4.85745e+06	4.81992e+06	4.94651e+06	4745699	6699110	679936	679936	307200	87942	101043	63.2431	3.04029	2.1566	0.943384	1	2.62639	15133366	33420896
gzip	compress	generalized	sanity	hello-1.3.tar.gz	std-gzip	5	balanced	25	8.25239e+06	8.18981e+06	8.43445e+06	8104890	8906225	679936	679936	307200	87942	89629	37.2256	3.42746	1.82349	1.00684	1	2.98714	27438388	55513974
gzip	compress	generalized	sanity	hello-1.3.tar.gz	std-gzip	9	dense	25	1.55574e+07	1.55144e+07	1.5717e+07	15340584	16024968	679936	679936	307200	87942	88246	19.7462	3.48118	2.70081	1.00029	1	1.30544	54136548	103671569
gzip	compress	generalized	sanity	hello-1.3.tar.gz	zipir-gzip	1	fast	25	2.25236e+06	2.21336e+06	2.30136e+06	2194534	2479125	679936	679936	307200	87942	107107	136.39	2.86816	1	1	1	3.97585	6039129	10476394
gzip	compress	generalized	sanity	hello-1.3.tar.gz	zipir-gzip	5	balanced	25	4.52561e+06	4.49716e+06	4.62527e+06	4450797	4795559	679936	679936	307200	87942	89020	67.8804	3.45091	1	1	1	2.84869	14269134	28617150
gzip	compress	generalized	sanity	hello-1.3.tar.gz	zipir-gzip	9	dense	25	5.76028e+06	5.73006e+06	5.83602e+06	5635555	5953816	679936	679936	307200	87942	88220	53.3308	3.4822	1	1	1	1.8492	18750518	37412320
gzip	compress	generalized	sanity	hello-1.3.tar.gz	zlib-ng	1	fast	25	2.39628e+06	2.34934e+06	2.51639e+06	2268064	3337951	2.21184e+06	2269184	307200	87942	128263	128.198	2.39508	1.0639	1.19752	3.25301	7.11016	4968107	6800075
gzip	compress	generalized	sanity	hello-1.3.tar.gz	zlib-ng	5	balanced	25	4.89147e+06	4.80015e+06	5.07562e+06	4716249	6631920	2.20365e+06	2269184	307200	87942	89102	62.8032	3.44773	1.08084	1.00092	3.24096	5.73882	14029274	21407286
gzip	compress	generalized	sanity	hello-1.3.tar.gz	zlib-ng	9	dense	25	1.11206e+07	1.09895e+07	1.14235e+07	10762606	14232887	2.20365e+06	2269184	307200	87942	87880	27.6243	3.49568	1.93058	0.996146	3.24096	3.94943	36556964	49504534
gzip	compress	generalized	small	cantrbry.tar.gz	igzip	0	fast	25	8.18496e+06	8.10283e+06	8.26704e+06	7874752	8680293	3.24813e+06	3313664	2.82112e+06	739071	954171	344.671	2.95662	0.551635	1.08865	4.77711	2.02661	22096521	41299513
gzip	compress	generalized	small	cantrbry.tar.gz	igzip	1	balanced	25	9.0359e+06	8.91387e+06	9.3341e+06	8583873	11229468	3.55942e+06	3575808	2.82112e+06	739071	874762	312.213	3.22501	0.248671	1.1868	5.23494	4.71436	24300805	41667448
gzip	compress	generalized	small	cantrbry.tar.gz	igzip	2	dense	25	9.08822e+06	8.99724e+06	9.42431e+06	8633333	11745631	3.56762e+06	3575808	2.82112e+06	739071	859685	310.415	3.28157	0.193584	1.17799	5.24699	4.74662	24750436	40747556
gzip	compress	generalized	small	cantrbry.tar.gz	std-gzip	1	fast	25	3.68568e+07	3.65267e+07	3.71212e+07	36385003	41027153	679936	679936	2.82112e+06	739071	854452	76.5428	3.30167	2.48401	0.974881	1	1.62743	131049001	297335600
gzip	compress	generalized	small	cantrbry.tar.gz	std-gzip	5	balanced	25	6.71612e+07	6.65869e+07	6.75926e+07	66277303	68355874	679936	679936	2.82112e+06	739071	764899	42.0052	3.68823	1.8483	1.03775	1	1.51038	242496791	501215828
gzip	compress	generalized	small	cantrbry.tar.gz	std-gzip	9	dense	25	4.20165e+08	4.18921e+08	4.22775e+08	416864422	428389939	679936	679936	2.82112e+06	739071	741973	6.71431	3.80219	8.94977	1.0167	1	0.920115	1541093963	3451585348
gzip	compress	generalized	small	cantrbry.tar.gz	zipir-gzip	1	fast	25	1.48376e+07	1.46681e+07	1.49772e+07	14469239	15805716	679936	679936	2.82112e+06	739071	876468	190.133	3.21874	1	1	1	2.10675	50372522	93567890
gzip	compress	generalized	small	cantrbry.tar.gz	zipir-gzip	5	balanced	25	3.63367e+07	3.58839e+07	3.67207e+07	35626408	39740637	679936	679936	2.82112e+06	739071	737074	77.6383	3.82746	1	1	1	2.33189	129431068	290369658
gzip	compress	generalized	small	cantrbry.tar.gz	zipir-gzip	9	dense	25	4.69471e+07	4.65097e+07	4.78017e+07	45982602	53115525	679936	679936	2.82112e+06	739071	729788	60.0915	3.86567	1	1	1	2.77788	168395505	364337218
gzip	compress	generalized	small	cantrbry.tar.gz	zlib-ng	1	fast	25	1.16802e+07	1.15256e+07	1.1899e+07	11259929	12998437	2.20365e+06	2269184	2.82112e+06	739071	1.15178e+06	241.53	2.44935	0.7872	1.31412	3.24096	3.2403	37248329	58207306
gzip	compress	generalized	small	cantrbry.tar.gz	zlib-ng	5	balanced	25	3.16169e+07	3.12794e+07	3.18636e+07	30993161	33149953	2.19546e+06	2269184	2.82112e+06	739071	750404	89.2283	3.75947	0.870109	1.01809	3.22892	1.8675	110042245	196444304
gzip	compress	generalized	small	cantrbry.tar.gz	zlib-ng	9	dense	25	2.74726e+08	2.74049e+08	2.75607e+08	272700604	278285524	2.21184e+06	2269184	2.82112e+06	739071	733404	10.2688	3.84661	5.85183	1.00495	3.25301	0.568482	1004716074	1302348084
gzip	compress	ms	medium	PRIDE_Exp_Complete_Ac_22134.xml.gz	igzip	0	fast	25	7.59879e+07	7.5827e+07	7.75245e+07	75145382	83628525	3.56352e+06	3575808	4.80386e+07	1.0668e+07	1.48697e+07	632.188	3.23064	0.378444	1.25063	5.24096	2.23867	239853668	545985163
gzip	compress	ms	medium	PRIDE_Exp_Complete_Ac_22134.xml.gz	igzip	1	balanced	25	8.29552e+07	8.21865e+07	8.55421e+07	81695035	91589435	3.54714e+06	3575808	4.80386e+07	1.0668e+07	1.1851e+07	579.091	4.05356	0.193791	1.10665	5.21687	4.08287	263842621	537705543
gzip	compress	ms	medium	PRIDE_Exp_Complete_Ac_22134.xml.gz	igzip	2	dense	25	8.63984e+07	8.57603e+07	8.80569e+07	84630730	94069407	3.82566e+06	3837952	4.80386e+07	1.0668e+07	1.14819e+07	556.012	4.18385	0.181106	1.08203	5.62651	2.67791	275734227	512832600
gzip	compress	ms	medium	PRIDE_Exp_Complete_Ac_22134.xml.gz	std-gzip	1	fast	25	5.72331e+08	5.70057e+08	5.78374e+08	568071559	608851061	679936	679936	4.80386e+07	1.0668e+07	1.22471e+07	83.935	3.92244	2.85039	1.03006	1	1.45891	2069764249	4317166533
gzip	compress	ms	medium	PRIDE_Exp_Complete_Ac_22134.xml.gz	std-gzip	5	balanced	25	6.78934e+08	6.75894e+08	6.94381e+08	673207380	715087598	679936	679936	4.80386e+07	1.0668e+07	1.10028e+07	70.7559	4.36603	1.58606	1.02744	1	2.73514	2458999601	4880982946
gzip	compress	ms	medium	PRIDE_Exp_Complete_Ac_22134.xml.gz	std-gzip	9	dense	25	2.98107e+09	2.9735e+09	3.00906e+09	2958792761	3125617379	679936	679936	4.80386e+07	1.0668e+07	1.06769e+07	16.1145	4.49932	6.24883	1.00617	1	1.19589	10910815344	24029490185
gzip	compress	ms	medium	PRIDE_Exp_Complete_Ac_22134.xml.gz	zipir-gzip	1	fast	25	2.0079e+08	1.99195e+08	2.03971e+08	198172173	218416844	679936	679936	4.80386e+07	1.0668e+07	1.18898e+07	239.248	4.04033	1	1	1	2.3975	707968513	1151700753
gzip	compress	ms	medium	PRIDE_Exp_Complete_Ac_22134.xml.gz	zipir-gzip	5	balanced	25	4.28065e+08	4.23914e+08	4.35685e+08	420483086	478499094	679936	679936	4.80386e+07	1.0668e+07	1.07089e+07	112.223	4.48586	1	1	1	2.77669	1543147932	2941957519
gzip	compress	ms	medium	PRIDE_Exp_Complete_Ac_22134.xml.gz	zipir-gzip	9	dense	25	4.77061e+08	4.7242e+08	4.83112e+08	467518610	527533137	679936	679936	4.80386e+07	1.0668e+07	1.06114e+07	100.697	4.52707	1	1	1	2.2632	1719839456	3276717992
gzip	compress	ms	medium	PRIDE_Exp_Complete_Ac_22134.xml.gz	zlib-ng	1	fast	25	1.51226e+08	1.49869e+08	1.54391e+08	147695572	169273350	2.19546e+06	2269184	4.80386e+07	1.0668e+07	1.44181e+07	317.66	3.33183	0.753155	1.21265	3.22892	3.01737	521071845	814659033
gzip	compress	ms	medium	PRIDE_Exp_Complete_Ac_22134.xml.gz	zlib-ng	5	balanced	25	3.38608e+08	3.34438e+08	3.42876e+08	332260959	376767510	2.20365e+06	2269184	4.80386e+07	1.0668e+07	1.07186e+07	141.871	4.48179	0.79102	1.00091	3.24096	2.52291	1210082626	2425657821
gzip	compress	ms	medium	PRIDE_Exp_Complete_Ac_22134.xml.gz	zlib-ng	9	dense	25	7.59609e+08	7.53772e+08	7.73653e+08	746747975	821420186	2.21184e+06	2269184	4.80386e+07	1.0668e+07	1.06489e+07	63.2412	4.51113	1.59227	1.00353	3.25301	2.63749	2755875470	4535665169
gzip	compress	ms	sanity	55merge_omssa.mzid.gz	igzip	0	fast	25	915636	901506	941866	893975	1176497	1.99475e+06	2002944	115911	14109	19573	126.591	5.92198	1.17423	1.17881	2.93373	4.47695	642366	908308
gzip	compress	ms	sanity	55merge_omssa.mzid.gz	igzip	1	balanced	25	967235	956566	1.00787e+06	932496	1094207	1.99475e+06	2002944	115911	14109	16325	119.837	7.10021	0.849773	1.16027	2.93373	5.36293	708065	958391
gzip	compress	ms	sanity	55merge_omssa.mzid.gz	igzip	2	dense	25	986676	976307	1.042e+06	960975	1208417	1.97427e+06	2002944	115911	14109	16211	117.476	7.15014	0.721414	1.1687	2.90361	6.72831	724430	954581
gzip	compress	ms	sanity	55merge_omssa.mzid.gz	std-gzip	1	fast	25	1.70633e+06	1.68926e+06	1.76194e+06	1661690	1851241	679936	679936	115911	14109	17987	67.93	6.44415	2.18824	1.08329	1	4.30253	3995749	9040341
gzip	compress	ms	sanity	55merge_omssa.mzid.gz	std-gzip	5	balanced	25	1.87455e+06	1.85492e+06	1.92236e+06	1830221	1960572	679936	679936	115911	14109	15193	61.834	7.62924	1.64691	1.07982	1	3.63573	4606418	9697422
gzip	compress	ms	sanity	55merge_omssa.mzid.gz	std-gzip	9	dense	25	3.0682e+06	3.02366e+06	3.10744e+06	3003758	3565761	679936	679936	115911	14109	14125	37.7782	8.20609	2.24333	1.01831	1	2.77082	8928990	16934604
gzip	compress	ms	sanity	55merge_omssa.mzid.gz	zipir-gzip	1	fast	25	779775	773325	829335	763464	1015876	679936	679936	115911	14109	16604	148.647	6.98091	1	1	1	7.24275	1058820	1812878
gzip	compress	ms	sanity	55merge_omssa.mzid.gz	zipir-gzip	5	balanced	25	1.13823e+06	1.13455e+06	1.19601e+06	1117857	1314808	679936	679936	115911	14109	14070	101.835	8.23817	1	1	1	5.41714	2285236	5110626
gzip	compress	ms	sanity	55merge_omssa.mzid.gz	zipir-gzip	9	dense	25	1.3677e+06	1.34755e+06	1.4148e+06	1331118	1733440	679936	679936	115911	14109	13871	84.749	8.35635	1	1	1	4.99062	3043522	6533691
gzip	compress	ms	sanity	55merge_omssa.mzid.gz	zlib-ng	1	fast	25	1.11594e+06	1.09879e+06	1.16106e+06	1076287	1282678	2.20365e+06	2269184	115911	14109	19799	103.869	5.85439	1.4311	1.19242	3.24096	5.66735	1008114	1288150
gzip	compress	ms	sanity	55merge_omssa.mzid.gz	zlib-ng	5	balanced	25	1.53485e+06	1.51379e+06	1.5674e+06	1495949	1621240	2.20365e+06	2269184	115911	14109	14257	75.5195	8.13011	1.34846	1.01329	3.24096	3.54144	2459618	4641987
gzip	compress	ms	sanity	55merge_omssa.mzid.gz	zlib-ng	9	dense	25	2.48642e+06	2.41123e+06	2.52204e+06	2384015	2595786	2.20365e+06	2269184	115911	14109	13979	46.6175	8.29179	1.81796	1.00779	3.24096	4.59524	5656932	10176238
gzip	compress	ms	small	55merge_tandem.mzid.gz	igzip	0	fast	25	3.64034e+06	3.60365e+06	3.69671e+06	3534008	3791188	3.29728e+06	3313664	1.23794e+06	268700	417554	340.061	2.96473	0.587603	1.42876	4.8494	2.58238	7418603	15177808
gzip	compress	ms	small	55merge_tandem.mzid.gz	igzip	1	balanced	25	3.83526e+06	3.80533e+06	3.86169e+06	3768429	4174251	3.29728e+06	3407872	1.23794e+06	268700	288373	322.777	4.29283	0.307323	1.07942	4.8494	1.48111	8095271	14904325
gzip	compress	ms	small	55merge_tandem.mzid.gz	igzip	2	dense	25	4.16314e+06	4.11962e+06	4.20904e+06	4056800	4318651	3.24813e+06	3313664	1.23794e+06	268700	283828	297.356	4.36157	0.31091	1.07612	4.77711	2.17061	9006857	14180481
gzip	compress	ms	small	55merge_tandem.mzid.gz	std-gzip	1	fast	25	1.48431e+07	1.48207e+07	1.49133e+07	14767552	15096793	679936	679936	1.23794e+06	268700	311856	83.4016	3.96957	2.39588	1.06709	1	0.62508	51664122	120887492
gzip	compress	ms	small	55merge_tandem.mzid.gz	std-gzip	5	balanced	25	2.58675e+07	2.58404e+07	2.59717e+07	25801466	26034537	679936	679936	1.23794e+06	268700	288160	47.8567	4.296	2.07279	1.07862	1	0.507929	92205470	180920640
gzip	compress	ms	small	55merge_tandem.mzid.gz	std-gzip	9	dense	25	3.31058e+07	3.30645e+07	3.32081e+07	32970281	33309892	679936	679936	1.23794e+06	268700	276489	37.3933	4.47734	2.47239	1.0483	1	0.434154	118772262	217207201
gzip	compress	ms	small	55merge_tandem.mzid.gz	zipir-gzip	1	fast	25	6.19523e+06	6.15432e+06	6.24733e+06	6129430	6314591	679936	679936	1.23794e+06	268700	292250	199.821	4.23588	1	1	1	1.5113	20303734	32068121
gzip	compress	ms	small	55merge_tandem.mzid.gz	zipir-gzip	5	balanced	25	1.24796e+07	1.2439e+07	1.25268e+07	12387260	12622342	679936	679936	1.23794e+06	268700	267156	99.1969	4.63375	1	1	1	0.705844	43294224	76716010
gzip	compress	ms	small	55merge_tandem.mzid.gz	zipir-gzip	9	dense	25	1.33902e+07	1.33454e+07	1.34623e+07	13318725	13490255	679936	679936	1.23794e+06	268700	263751	92.4511	4.69357	1	1	1	0.875958	46652879	82280858
gzip	compress	ms	small	55merge_tandem.mzid.gz	zlib-ng	1	fast	25	5.40072e+06	5.36322e+06	5.44784e+06	5344196	5529657	2.20365e+06	2269184	1.23794e+06	268700	411520	229.217	3.0082	0.871754	1.40811	3.24096	1.5778	15871989	22336018
gzip	compress	ms	small	55merge_tandem.mzid.gz	zlib-ng	5	balanced	25	1.07767e+07	1.07417e+07	1.08333e+07	10686232	10889653	2.20365e+06	2269184	1.23794e+06	268700	265546	114.872	4.66185	0.863544	0.993974	3.24096	0.852276	35607899	67477804
gzip	compress	ms	small	55merge_tandem.mzid.gz	zlib-ng	9	dense	25	2.48895e+07	2.48435e+07	2.49933e+07	24696680	25264064	2.19546e+06	2269184	1.23794e+06	268700	273807	49.7372	4.5212	1.85879	1.03813	3.22892	0.602853	87351026	146266532
gzip	compress	sequencing	medium	DRR003897.fastq.gz	igzip	0	fast	25	1.7463e+08	1.73204e+08	1.77646e+08	172170456	197489578	3.29728e+06	3313664	5.71742e+07	2.19692e+07	2.72856e+07	327.403	2.0954	0.459873	1.04284	4.8494	2.56455	593187732	1269061146
gzip	compress	sequencing	medium	DRR003897.fastq.gz	igzip	1	balanced	25	1.90393e+08	1.87649e+08	1.93565e+08	186236650	224646539	3.56352e+06	3837952	5.71742e+07	2.19692e+07	2.41119e+07	300.296	2.3712	0.182724	1.07662	5.24096	3.15269	648347188	1254308033
gzip	compress	sequencing	medium	DRR003897.fastq.gz	igzip	2	dense	25	1.99457e+08	1.97141e+08	2.01882e+08	195467588	219511123	3.77242e+06	3837952	5.71742e+07	2.19692e+07	2.38327e+07	286.649	2.39898	0.0930505	1.10049	5.54819	2.40518	682336098	1237058956
gzip	compress	sequencing	medium	DRR003897.fastq.gz	std-gzip	1	fast	25	9.50831e+08	9.37532e+08	9.59661e+08	933401649	1079667611	679936	679936	5.71742e+07	2.19692e+07	2.41535e+07	60.1307	2.36712	2.50394	0.923131	1	2.36027	3434576188	8070932737
gzip	compress	sequencing	medium	DRR003897.fastq.gz	std-gzip	5	balanced	25	2.21536e+09	2.18498e+09	2.2715e+09	2172818122	2467676138	679936	679936	5.71742e+07	2.19692e+07	2.2724e+07	25.8081	2.51603	2.12613	1.01464	1	3.9599	8068579353	18690427030
gzip	compress	sequencing	medium	DRR003897.fastq.gz	std-gzip	9	dense	25	1.34176e+10	1.3372e+10	1.3467e+10	13317450783	16053238068	679936	679936	5.71742e+07	2.19692e+07	2.15931e+07	4.26112	2.6478	6.25959	0.997073	1	0.710076	49194949749	101775163748
gzip	compress	sequencing	medium	DRR003897.fastq.gz	zipir-gzip	1	fast	25	3.79734e+08	3.76897e+08	3.88904e+08	375352024	416830030	679936	679936	5.71742e+07	2.19692e+07	2.61648e+07	150.564	2.18516	1	1	1	3.18577	1357859516	2603347688
gzip	compress	sequencing	medium	DRR003897.fastq.gz	zipir-gzip	5	balanced	25	1.04197e+09	1.03411e+09	1.06158e+09	1022824186	1209980219	679936	679936	5.71742e+07	2.19692e+07	2.2396e+07	54.8712	2.55287	1	1	1	2.65653	3792939648	8227552206
gzip	compress	sequencing	medium	DRR003897.fastq.gz	zipir-gzip	9	dense	25	2.14353e+09	2.13334e+09	2.18925e+09	2113121481	2340935437	679936	679936	5.71742e+07	2.19692e+07	2.16565e+07	26.6729	2.64005	1	1	1	2.62074	7816367906	16719184123
gzip	compress	sequencing	medium	DRR003897.fastq.gz	zlib-ng	1	fast	25	2.96731e+08	2.9356e+08	3.0259e+08	292385581	318226527	2.20365e+06	2269184	5.71742e+07	2.19692e+07	3.40913e+07	192.68	1.67709	0.781417	1.30295	3.24096	3.07605	1047276574	1712520350
gzip	compress	sequencing	medium	DRR003897.fastq.gz	zlib-ng	5	balanced	25	1.09025e+09	1.08267e+09	1.12427e+09	1067881450	1173766041	2.20365e+06	2269184	5.71742e+07	2.19692e+07	2.20867e+07	52.4414	2.58863	1.04634	0.986188	3.24096	3.8423	3955440368	6134836334
gzip	compress	sequencing	medium	DRR003897.fastq.gz	zlib-ng	9	dense	25	9.18384e+09	9.13008e+09	9.30086e+09	9098129606	10171188643	2.20365e+06	2269184	5.71742e+07	2.19692e+07	2.15898e+07	6.22552	2.64821	4.28444	0.996918	3.24096	1.8705	33572987421	31235810070
gzip	compress	sequencing	sanity	test_1.fastq.gz	igzip	0	fast	25	857195	826465	959006	793105	1082817	1.72442e+06	1843200	34590	9413	12235	40.3525	2.82714	1.3214	1.01636	2.53614	16.0371	519869	753963
gzip	compress	sequencing	sanity	test_1.fastq.gz	igzip	1	balanced	25	886775	867316	971235	837635	1053327	1.67526e+06	1740800	34590	9413	10737	39.0065	3.22157	0.909517	1.11472	2.46386	11.9817	556989	789235
gzip	compress	sequencing	sanity	test_1.fastq.gz	igzip	2	dense	25	916395	903956	1.00435e+06	871055	1089037	1.97427e+06	2105344	34590	9413	10716	37.7457	3.22788	0.700598	1.14794	2.90361	11.1056	591262	790880
gzip	compress	sequencing	sanity	test_1.fastq.gz	std-gzip	1	fast	25	1.10614e+06	1.0793e+06	1.17116e+06	1065847	1271057	679936	679936	34590	9413	10877	31.271	3.1801	1.70515	0.903555	1	8.5112	1977241	4847294
gzip	compress	sequencing	sanity	test_1.fastq.gz	std-gzip	5	balanced	25	1.67875e+06	1.61291e+06	1.7986e+06	1595290	2054322	679936	679936	34590	9413	9956	20.6046	3.47429	1.7218	1.03364	1	11.5128	3908543	9529031
gzip	compress	sequencing	sanity	test_1.fastq.gz	std-gzip	9	dense	25	6.31715e+06	6.26344e+06	6.40213e+06	6161528	6756812	679936	679936	34590	9413	9250	5.47557	3.73946	4.82956	0.990894	1	2.2143	20408139	46230642
gzip	compress	sequencing	sanity	test_1.fastq.gz	zipir-gzip	1	fast	25	648704	618814	729615	606674	847565	679936	679936	34590	9413	12038	53.3217	2.8734	1	1	1	17.9054	654122	1342290
gzip	compress	sequencing	sanity	test_1.fastq.gz	zipir-gzip	5	balanced	25	974996	967586	991096	957416	1033016	679936	679936	34590	9413	9632	35.4771	3.59115	1	1	1	2.42976	1823916	4121418
gzip	compress	sequencing	sanity	test_1.fastq.gz	zipir-gzip	9	dense	25	1.30802e+06	1.28165e+06	1.33731e+06	1265858	1385688	679936	679936	34590	9413	9335	26.4446	3.70541	1	1	1	4.34285	2971990	6724989
gzip	compress	sequencing	sanity	test_1.fastq.gz	zlib-ng	1	fast	25	1.00682e+06	985486	1.05032e+06	958746	1152658	1.9456e+06	2064384	34590	9413	16143	34.3558	2.14272	1.55204	1.341	2.86145	6.57848	751081	951606
gzip	compress	sequencing	sanity	test_1.fastq.gz	zlib-ng	5	balanced	25	1.42769e+06	1.38511e+06	1.49062e+06	1329178	1718701	1.9415e+06	2007040	34590	9413	9439	24.228	3.66458	1.4643	0.979963	2.85542	7.61753	2184060	3056603
gzip	compress	sequencing	sanity	test_1.fastq.gz	zlib-ng	9	dense	25	4.23139e+06	4.14244e+06	4.4098e+06	3969495	4674978	1.9415e+06	2007040	34590	9413	9212	8.17463	3.75488	3.23496	0.986824	2.85542	6.45422	11912182	13068610
gzip	compress	sequencing	small	SRR389222_sub1.fastq.gz	igzip	0	fast	25	3.58256e+07	3.56759e+07	3.62849e+07	35462897	38592355	3.04333e+06	3051520	2.02181e+07	3.30201e+06	4.92376e+06	564.348	4.10622	0.499515	1.10868	4.4759	1.70704	111594821	202843407
gzip	compress	sequencing	small	SRR389222_sub1.fastq.gz	igzip	1	balanced	25	3.791e+07	3.75776e+07	3.82351e+07	37336829	42121977	3.24813e+06	3313664	2.02181e+07	3.30201e+06	4.14576e+06	533.317	4.8768	0.231614	1.19593	4.77711	1.74951	118438619	201462129
gzip	compress	sequencing	small	SRR389222_sub1.fastq.gz	igzip	2	dense	25	3.94933e+07	3.92993e+07	4.00109e+07	38926077	41733335	3.56762e+06	3575808	2.02181e+07	3.30201e+06	4.11148e+06	511.938	4.91747	0.162194	1.25493	5.24699	1.81071	124253094	198890700
gzip	compress	sequencing	small	SRR389222_sub1.fastq.gz	std-gzip	1	fast	25	2.26107e+08	2.24506e+08	2.30802e+08	222113798	268701553	679936	679936	2.02181e+07	3.30201e+06	4.50653e+06	89.4183	4.48639	3.1526	1.01473	1	2.80422	817102789	1827048287
gzip	compress	sequencing	small	SRR389222_sub1.fastq.gz	std-gzip	5	balanced	25	3.18584e+08	3.17035e+08	3.20686e+08	314925855	337959736	679936	679936	2.02181e+07	3.30201e+06	3.64936e+06	63.4624	5.54018	1.94641	1.05274	1	1.15155	1156553937	2396042034
gzip	compress	sequencing	small	SRR389222_sub1.fastq.gz	std-gzip	9	dense	25	1.08656e+09	1.081e+09	1.09981e+09	1073613935	1152125794	679936	679936	2.02181e+07	3.30201e+06	3.25393e+06	18.6074	6.21344	4.46238	0.993185	1	1.73986	3981204852	8344198280
gzip	compress	sequencing	small	SRR389222_sub1.fastq.gz	zipir-gzip	1	fast	25	7.17206e+07	7.1183e+07	7.28092e+07	70912524	75182419	679936	679936	2.02181e+07	3.30201e+06	4.4411e+06	281.9	4.55249	1	1	1	2.28453	250344586	450613141
gzip	compress	sequencing	small	SRR389222_sub1.fastq.gz	zipir-gzip	5	balanced	25	1.63678e+08	1.62784e+08	1.65594e+08	161698379	169295805	679936	679936	2.02181e+07	3.30201e+06	3.46655e+06	123.524	5.83234	1	1	1	1.72651	588374560	1240290803
gzip	compress	sequencing	small	SRR389222_sub1.fastq.gz	zipir-gzip	9	dense	25	2.43494e+08	2.42283e+08	2.46025e+08	240248819	259830398	679936	679936	2.02181e+07	3.30201e+06	3.27626e+06	83.0332	6.1711	1	1	1	1.54452	882182495	1845030613
gzip	compress	sequencing	small	SRR389222_sub1.fastq.gz	zlib-ng	1	fast	25	5.56465e+07	5.54128e+07	5.63658e+07	55071247	59693945	2.19546e+06	2269184	2.02181e+07	3.30201e+06	5.54189e+06	363.331	3.64823	0.775878	1.24786	3.22892	1.71983	188777395	293162988
gzip	compress	sequencing	small	SRR389222_sub1.fastq.gz	zlib-ng	5	balanced	25	1.57546e+08	1.55303e+08	1.59553e+08	153977341	163827782	2.20365e+06	2269184	2.02181e+07	3.30201e+06	3.37006e+06	128.331	5.99932	0.962537	0.972167	3.24096	2.73656	562228487	960655363
gzip	compress	sequencing	small	SRR389222_sub1.fastq.gz	zlib-ng	9	dense	25	4.63835e+08	4.60207e+08	4.71413e+08	456629852	483924259	2.19546e+06	2269184	2.02181e+07	3.30201e+06	3.23175e+06	43.589	6.25607	1.90491	0.986417	3.22892	2.43498	1687839900	2544287242
gzip	decompress	generalized	medium	silesia.tar.gz	igzip	-	-	25	2.84631e+08	2.83443e+08	2.91452e+08	281567516	309723053	3.82566e+06	3940352	2.11948e+08	6.82285e+07	6.82285e+07	744.639	3.10644	0.936244		5.91139	2.82567	1013378645	2413337859
gzip	decompress	generalized	medium	silesia.tar.gz	std-gzip	-	-	25	7.92673e+08	7.89598e+08	8.01983e+08	784172602	816104398	647168	647168	2.11948e+08	6.82285e+07	6.82285e+07	267.383	3.10644	2.60736		1	1.56852	2876127522	6107302660
gzip	decompress	generalized	medium	silesia.tar.gz	zipir-gzip	-	-	25	3.04014e+08	3.02543e+08	3.08891e+08	301292648	313966775	647168	647168	2.11948e+08	6.82285e+07	6.82285e+07	697.164	3.10644	1		1	2.09839	1090290756	2946983745
gzip	decompress	generalized	medium	silesia.tar.gz	zlib-ng	-	-	25	3.34897e+08	3.32506e+08	3.38982e+08	331262595	344194403	1.99885e+06	2277376	2.11948e+08	6.82285e+07	6.82285e+07	632.875	3.10644	1.10158		3.08861	1.94746	1191782019	2164495732
gzip	decompress	generalized	sanity	hello-1.3.tar.gz	igzip	-	-	25	1.35557e+06	1.33288e+06	1.3982e+06	1306508	1490579	2.19955e+06	2265088	307200	87942	87942	226.621	3.49321	1.46001		3.39873	4.90067	1633634	3316860
gzip	decompress	generalized	sanity	hello-1.3.tar.gz	std-gzip	-	-	25	1.54015e+06	1.52448e+06	1.61345e+06	1512379	1660110	647168	647168	307200	87942	87942	199.461	3.49321	1.65881		1	5.83609	3892728	8919991
gzip	decompress	generalized	sanity	hello-1.3.tar.gz	zipir-gzip	-	-	25	928466	923695	938796	914766	1069777	647168	647168	307200	87942	87942	330.868	3.49321	1		1	1.63485	1545519	3885513
gzip	decompress	generalized	sanity	hello-1.3.tar.gz	zlib-ng	-	-	25	1.34586e+06	1.32545e+06	1.38591e+06	1306468	1511619	2.20365e+06	2277376	307200	87942	87942	228.256	3.49321	1.44955		3.40506	4.56148	1852590	3200743
gzip	decompress	generalized	small	cantrbry.tar.gz	igzip	-	-	25	4.66623e+06	4.64176e+06	4.70788e+06	4595283	4786135	3.51027e+06	3678208	2.82112e+06	739071	739071	604.582	3.81712	1.21153		5.42405	1.42426	10943341	25763926
gzip	decompress	generalized	small	cantrbry.tar.gz	std-gzip	-	-	25	9.62402e+06	9.60724e+06	9.66051e+06	9561499	9715500	647168	647168	2.82112e+06	739071	739071	293.133	3.81712	2.49877		1	0.554478	33272536	80270170
gzip	decompress	generalized	small	cantrbry.tar.gz	zipir-gzip	-	-	25	3.85151e+06	3.84272e+06	3.87665e+06	3811119	4047681	647168	647168	2.82112e+06	739071	739071	732.471	3.81712	1		1	0.882968	12045831	34558781
gzip	decompress	generalized	small	cantrbry.tar.gz	zlib-ng	-	-	25	4.66212e+06	4.64749e+06	4.74584e+06	4623514	4805065	2.00704e+06	2277376	2.82112e+06	739071	739071	605.116	3.81712	1.21046		3.10127	2.116	13603641	27648824
gzip	decompress	ms	medium	PRIDE_Exp_Complete_Ac_22134.xml.gz	igzip	-	-	25	5.0711e+07	5.05117e+07	5.10804e+07	50288059	52068218	3.82976e+06	3837952	4.80386e+07	1.0668e+07	1.0668e+07	947.302	4.50306	0.989455		5.91772	1.12582	174500226	395335051
gzip	decompress	ms	medium	PRIDE_Exp_Complete_Ac_22134.xml.gz	std-gzip	-	-	25	1.26207e+08	1.25852e+08	1.26862e+08	125554003	127882625	647168	647168	4.80386e+07	1.0668e+07	1.0668e+07	380.633	4.50306	2.46251		1	0.802516	457511521	900704439
gzip	decompress	ms	medium	PRIDE_Exp_Complete_Ac_22134.xml.gz	zipir-gzip	-	-	25	5.12514e+07	5.11693e+07	5.15897e+07	50841773	52047978	647168	647168	4.80386e+07	1.0668e+07	1.0668e+07	937.313	4.50306	1		1	0.82161	182202877	498335971
gzip	decompress	ms	medium	PRIDE_Exp_Complete_Ac_22134.xml.gz	zlib-ng	-	-	25	5.79242e+07	5.77534e+07	5.80792e+07	57478736	58428070	1.99885e+06	2277376	4.80386e+07	1.0668e+07	1.0668e+07	829.335	4.50306	1.1302		3.08861	0.564211	203354068	335725241
gzip	decompress	ms	sanity	55merge_omssa.mzid.gz	igzip	-	-	25	1.10349e+06	1.08158e+06	1.13425e+06	899365	1278908	1.99475e+06	2002944	115911	14109	14109	105.041	8.21539	1.73342		3.08228	4.86983	682456	771913
gzip	decompress	ms	sanity	55merge_omssa.mzid.gz	std-gzip	-	-	25	777555	762555	791255	616224	999607	647168	647168	115911	14109	14109	149.071	8.21539	1.22143		1	3.76366	939114	1392152
gzip	decompress	ms	sanity	55merge_omssa.mzid.gz	zipir-gzip	-	-	25	636594	623204	648734	511434	875385	647168	647168	115911	14109	14109	182.08	8.21539	1		1	4.09657	440678	700167
gzip	decompress	ms	sanity	55merge_omssa.mzid.gz	zlib-ng	-	-	25	1.02835e+06	1.01918e+06	1.06889e+06	821925	1392049	1.9415e+06	2015232	115911	14109	14109	112.716	8.21539	1.61539		3	4.87757	686956	672653
gzip	decompress	ms	small	55merge_tandem.mzid.gz	igzip	-	-	25	2.71863e+06	2.69596e+06	2.76324e+06	2662023	2965884	3.03923e+06	3051520	1.23794e+06	268700	268700	455.352	4.60713	1.24929		4.6962	2.49558	4898117	10936321
gzip	decompress	ms	small	55merge_tandem.mzid.gz	std-gzip	-	-	25	4.50926e+06	4.49545e+06	4.53116e+06	4475202	4555622	647168	647168	1.23794e+06	268700	268700	274.532	4.60713	2.07214		1	0.794381	14663689	30213637
gzip	decompress	ms	small	55merge_tandem.mzid.gz	zipir-gzip	-	-	25	2.17614e+06	2.16e+06	2.19773e+06	2137990	2270371	647168	647168	1.23794e+06	268700	268700	568.867	4.60713	1		1	1.74676	5932277	14168153
gzip	decompress	ms	small	55merge_tandem.mzid.gz	zlib-ng	-	-	25	2.74665e+06	2.72699e+06	2.78135e+06	2714693	2825744	2.00704e+06	2277376	1.23794e+06	268700	268700	450.707	4.60713	1.26217		3.10127	1.99344	6760052	10959226
gzip	decompress	sequencing	medium	DRR003897.fastq.gz	igzip	-	-	25	8.49855e+07	8.48911e+07	8.51258e+07	84778334	94771772	3.82157e+06	3837952	5.71742e+07	2.19692e+07	2.19692e+07	672.752	2.60247	0.808282		5.90506	0.276485	297190592	706448509
gzip	decompress	sequencing	medium	DRR003897.fastq.gz	std-gzip	-	-	25	2.6834e+08	2.68155e+08	2.6885e+08	267597384	287253320	647168	647168	5.71742e+07	2.19692e+07	2.19692e+07	213.066	2.60247	2.55213		1	0.259123	978095135	2229703424
gzip	decompress	sequencing	medium	DRR003897.fastq.gz	zipir-gzip	-	-	25	1.05143e+08	1.04997e+08	1.05326e+08	104824881	107951467	647168	647168	5.71742e+07	2.19692e+07	2.19692e+07	543.773	2.60247	1		1	0.313305	377021835	958598791
gzip	decompress	sequencing	medium	DRR003897.fastq.gz	zlib-ng	-	-	25	1.19991e+08	1.19558e+08	1.20352e+08	119313661	122599638	2.20365e+06	2277376	5.71742e+07	2.19692e+07	2.19692e+07	476.486	2.60247	1.14121		3.40506	0.663579	427742692	772149466
gzip	decompress	sequencing	sanity	test_1.fastq.gz	igzip	-	-	25	838265	814524	929186	809075	1042256	1.72851e+06	1843200	34590	9413	9413	41.2638	3.67471	1.76639		2.67089	14.0772	383281	492392
gzip	decompress	sequencing	sanity	test_1.fastq.gz	std-gzip	-	-	25	537134	528604	552363	522083	589513	647168	647168	34590	9413	9413	64.3973	3.67471	1.13185		1	4.49467	459395	1033160
gzip	decompress	sequencing	sanity	test_1.fastq.gz	zipir-gzip	-	-	25	474563	466873	505123	450183	681484	647168	647168	34590	9413	9413	72.8881	3.67471	1		1	8.19281	198798	457905
gzip	decompress	sequencing	sanity	test_1.fastq.gz	zlib-ng	-	-	25	787635	771085	838465	748464	1159997	1.67936e+06	1736704	34590	9413	9413	43.9163	3.67471	1.65971		2.59494	8.73834	404341	494852
gzip	decompress	sequencing	small	SRR389222_sub1.fastq.gz	igzip	-	-	25	1.74427e+07	1.72692e+07	1.77038e+07	17130815	18384692	3.82157e+06	3837952	2.02181e+07	3.30201e+06	3.30201e+06	1159.11	6.12297	0.933732		5.90506	2.51681	55078656	113576217
gzip	decompress	sequencing	small	SRR389222_sub1.fastq.gz	std-gzip	-	-	25	4.2736e+07	4.23628e+07	4.32685e+07	42037827	45972821	647168	647168	2.02181e+07	3.30201e+06	3.30201e+06	473.092	6.12297	2.28772		1	2.13792	153387032	314854664
gzip	decompress	sequencing	small	SRR389222_sub1.fastq.gz	zipir-gzip	-	-	25	1.86807e+07	1.85343e+07	1.90079e+07	18289272	20195823	647168	647168	2.02181e+07	3.30201e+06	3.30201e+06	1082.3	6.12297	1		1	2.55501	64633858	146959031
gzip	decompress	sequencing	small	SRR389222_sub1.fastq.gz	zlib-ng	-	-	25	2.13904e+07	2.12291e+07	2.17366e+07	21023348	25206414	2.20365e+06	2277376	2.02181e+07	3.30201e+06	3.30201e+06	945.194	6.12297	1.14506		3.40506	2.39036	72607550	116833060
zlib	compress	generalized	sanity	hello-1.3.tar.zlib	zipir-zlib	1	fast	25	2.2472e+06	2.21241e+06	2.36138e+06	2189511	2400642	659456	659456	307200	88011	107095	136.703	2.86848	1	1	1	6.73342	5991620	10528293
zlib	compress	generalized	sanity	hello-1.3.tar.zlib	zipir-zlib	5	balanced	25	4.58076e+06	4.49404e+06	4.65002e+06	4398643	4782104	659456	659456	307200	88011	89008	67.0631	3.45138	1	1	1	3.47084	14178242	28514513
zlib	compress	generalized	sanity	hello-1.3.tar.zlib	zipir-zlib	9	dense	25	5.78319e+06	5.71414e+06	5.83387e+06	5638379	5944441	659456	659456	307200	88011	88208	53.1195	3.48268	1	1	1	2.09533	18567483	37310340
zlib	compress	generalized	sanity	hello-1.3.tar.zlib	zlib-ng-zlib	1	fast	25	2.34e+06	2.23565e+06	2.43726e+06	2178082	2705184	1.99066e+06	2187264	307200	88011	128251	131.282	2.3953	1.0413	1.19754	3.01863	9.01804	4940623	6753160
zlib	compress	generalized	sanity	hello-1.3.tar.zlib	zlib-ng-zlib	5	balanced	25	4.85318e+06	4.74082e+06	4.99148e+06	4617574	5133227	1.96608e+06	2187264	307200	88011	89090	63.2988	3.4482	1.05947	1.00092	2.98137	5.2873	13852212	21359688
zlib	compress	generalized	sanity	hello-1.3.tar.zlib	zlib-ng-zlib	9	dense	25	1.09859e+07	1.09042e+07	1.11621e+07	10759496	11254498	1.95789e+06	2195456	307200	88011	87868	27.9631	3.49615	1.89962	0.996145	2.96894	2.3658	36277473	49456824
zlib	compress	generalized	small	cantrbry.tar.zlib	zipir-zlib	1	fast	25	1.46647e+07	1.45559e+07	1.4814e+07	14412015	15040298	659456	659456	2.82112e+06	736400	876456	192.375	3.21878	1	1	1	1.77358	49723740	93994547
zlib	compress	generalized	small	cantrbry.tar.zlib	zipir-zlib	5	balanced	25	3.5591e+07	3.54936e+07	3.58863e+07	35333534	37323343	659456	659456	2.82112e+06	736400	737062	79.265	3.82752	1	1	1	1.10663	126776731	289471571
zlib	compress	generalized	small	cantrbry.tar.zlib	zipir-zlib	9	dense	25	4.59706e+07	4.58635e+07	4.65007e+07	45614646	48288010	659456	659456	2.82112e+06	736400	729776	61.3679	3.86573	1	1	1	1.38937	164825147	363443183
zlib	compress	generalized	small	cantrbry.tar.zlib	zlib-ng-zlib	1	fast	25	1.14128e+07	1.12473e+07	1.15733e+07	11063558	14564916	1.96608e+06	2187264	2.82112e+06	736400	1.15177e+06	247.19	2.44937	0.778249	1.31413	2.98137	2.89785	36464785	57829467
zlib	compress	generalized	small	cantrbry.tar.zlib	zlib-ng-zlib	5	balanced	25	3.14041e+07	3.10814e+07	3.18041e+07	30863760	33915036	1.96608e+06	2187264	2.82112e+06	736400	750388	89.8329	3.75955	0.882361	1.01808	2.98137	2.32536	109505389	196052828
zlib	compress	generalized	small	cantrbry.tar.zlib	zlib-ng-zlib	9	dense	25	2.73622e+08	2.72567e+08	2.74627e+08	271748770	280553125	1.96608e+06	2187264	2.82112e+06	736400	733392	10.3103	3.84667	5.9521	1.00495	2.98137	0.756036	1000955203	1301956827
zlib	compress	ms	medium	PRIDE_Exp_Complete_Ac_22134.xml.zlib	zipir-zlib	1	fast	25	1.94292e+08	1.93925e+08	1.96092e+08	193428320	224808265	659456	659456	4.80386e+07	1.05415e+07	1.18898e+07	247.249	4.04034	1	1	1	1.11749	686054009	1152099358
zlib	compress	ms	medium	PRIDE_Exp_Complete_Ac_22134.xml.zlib	zipir-zlib	5	balanced	25	4.13979e+08	4.13567e+08	4.16618e+08	412234316	495128436	659456	659456	4.80386e+07	1.05415e+07	1.07089e+07	116.041	4.48586	1	1	1	0.737805	1492093644	2925039247
zlib	compress	ms	medium	PRIDE_Exp_Complete_Ac_22134.xml.zlib	zipir-zlib	9	dense	25	4.62211e+08	4.60745e+08	4.63816e+08	459375599	519214586	659456	659456	4.80386e+07	1.05415e+07	1.06114e+07	103.932	4.52708	1	1	1	0.666504	1665915724	3259911650
zlib	compress	ms	medium	PRIDE_Exp_Complete_Ac_22134.xml.zlib	zlib-ng-zlib	1	fast	25	1.44614e+08	1.44006e+08	1.45674e+08	143362852	150516037	1.96608e+06	2187264	4.80386e+07	1.05415e+07	1.44181e+07	332.186	3.33183	0.744311	1.21265	2.98137	1.15824	500944795	808258932
zlib	compress	ms	medium	PRIDE_Exp_Complete_Ac_22134.xml.zlib	zlib-ng-zlib	5	balanced	25	3.30323e+08	3.28522e+08	3.35292e+08	325552376	466691615	1.96198e+06	2187264	4.80386e+07	1.05415e+07	1.07186e+07	145.429	4.48181	0.79792	1.0009	2.97516	2.06057	1180548568	2419028688
zlib	compress	ms	medium	PRIDE_Exp_Complete_Ac_22134.xml.zlib	zlib-ng-zlib	9	dense	25	7.43643e+08	7.4127e+08	7.44813e+08	739009787	804195790	1.98656e+06	2187264	4.80386e+07	1.05415e+07	1.06489e+07	64.599	4.51114	1.60888	1.00353	3.01242	0.477995	2696421888	4529036989
zlib	compress	ms	sanity	55merge_omssa.mzid.zlib	zipir-zlib	1	fast	25	764004	757654	774105	746664	865485	659456	659456	115911	14097	16592	151.715	6.98596	1	1	1	2.17131	1019330	1806254
zlib	compress	ms	sanity	55merge_omssa.mzid.zlib	zipir-zlib	5	balanced	25	1.1255e+06	1.12102e+06	1.13506e+06	1108126	1268067	659456	659456	115911	14097	14058	102.987	8.2452	1	1	1	1.25234	2244327	5081321
zlib	compress	ms	sanity	55merge_omssa.mzid.zlib	zipir-zlib	9	dense	25	1.33242e+06	1.32262e+06	1.38064e+06	1307787	1535388	659456	659456	115911	14097	13859	86.993	8.36359	1	1	1	4.38683	2997967	6504611
zlib	compress	ms	sanity	55merge_omssa.mzid.zlib	zlib-ng-zlib	1	fast	25	1.0715e+06	1.06134e+06	1.13715e+06	1041385	1223876	1.92512e+06	1998848	115911	14097	19789	108.177	5.85734	1.40247	1.19268	2.91925	7.14288	967839	1266644
zlib	compress	ms	sanity	55merge_omssa.mzid.zlib	zlib-ng-zlib	5	balanced	25	1.46692e+06	1.46153e+06	1.50549e+06	1454397	1646208	1.93331e+06	2187264	115911	14097	14245	79.0167	8.13696	1.30335	1.0133	2.93168	3.00788	2395866	4620171
zlib	compress	ms	sanity	55merge_omssa.mzid.zlib	zlib-ng-zlib	9	dense	25	2.35276e+06	2.33398e+06	2.41128e+06	2310722	2568064	1.7367e+06	1933312	115911	14097	13967	49.2659	8.29892	1.76579	1.00779	2.63354	3.31194	5574282	10154404
zlib	compress	ms	small	55merge_tandem.mzid.zlib	zipir-zlib	1	fast	25	6.19567e+06	6.15071e+06	6.27923e+06	6103502	6341183	659456	659456	1.23794e+06	263571	292238	199.806	4.23605	1	1	1	2.08953	19912092	32128070
zlib	compress	ms	small	55merge_tandem.mzid.zlib	zipir-zlib	5	balanced	25	1.2503e+07	1.24399e+07	1.26281e+07	12329024	12891337	659456	659456	1.23794e+06	263571	267144	99.0108	4.63396	1	1	1	1.51239	42963052	76297623
zlib	compress	ms	small	55merge_tandem.mzid.zlib	zipir-zlib	9	dense	25	1.34233e+07	1.33433e+07	1.34826e+07	13218639	13827862	659456	659456	1.23794e+06	263571	263739	92.2229	4.69379	1	1	1	1.04435	46183046	81864674
zlib	compress	ms	small	55merge_tandem.mzid.zlib	zlib-ng-zlib	1	fast	25	5.45239e+06	5.33679e+06	5.52388e+06	5221697	5744050	1.96608e+06	2187264	1.23794e+06	263571	411508	227.045	3.00829	0.880032	1.40813	2.98137	3.50569	15642499	22165696
zlib	compress	ms	small	55merge_tandem.mzid.zlib	zlib-ng-zlib	5	balanced	25	1.07463e+07	1.06829e+07	1.10445e+07	10579434	11390209	1.99066e+06	2187264	1.23794e+06	263571	265534	115.196	4.66206	0.859498	0.993973	3.01863	3.38457	35394580	67300185
zlib	compress	ms	small	55merge_tandem.mzid.zlib	zlib-ng-zlib	9	dense	25	2.50077e+07	2.4823e+07	2.51777e+07	24620588	26684278	1.96608e+06	2187264	1.23794e+06	263571	273795	49.5021	4.52139	1.86301	1.03813	2.98137	1.42885	87020373	146088087
zlib	compress	sequencing	medium	DRR003897.fastq.zlib	zipir-zlib	1	fast	25	3.70236e+08	3.70079e+08	3.70697e+08	369433645	371726256	610304	610304	5.71742e+07	2.15758e+07	2.61648e+07	154.426	2.18516	1	1	1	0.166996	1329713169	2624337423
zlib	compress	sequencing	medium	DRR003897.fastq.zlib	zipir-zlib	5	balanced	25	1.01144e+09	1.01066e+09	1.01297e+09	1009553019	1017459709	610304	610304	5.71742e+07	2.15758e+07	2.2396e+07	56.5276	2.55288	1	1	1	0.228761	3688077155	8205222569
zlib	compress	sequencing	medium	DRR003897.fastq.zlib	zipir-zlib	9	dense	25	2.10669e+09	2.10527e+09	2.10827e+09	2102251347	2119175000	610304	610304	5.71742e+07	2.15758e+07	2.16565e+07	27.1393	2.64005	1	1	1	0.142396	7719345214	16697435532
zlib	compress	sequencing	medium	DRR003897.fastq.zlib	zlib-ng-zlib	1	fast	25	2.88408e+08	2.87836e+08	2.89231e+08	287185280	291202391	1.98656e+06	2187264	5.71742e+07	2.15758e+07	3.40913e+07	198.241	1.67709	0.778984	1.30295	3.25503	0.484538	1025645536	1704874118
zlib	compress	sequencing	medium	DRR003897.fastq.zlib	zlib-ng-zlib	5	balanced	25	1.06401e+09	1.06249e+09	1.06753e+09	1061228664	1140817434	1.96198e+06	2187264	5.71742e+07	2.15758e+07	2.20866e+07	53.7345	2.58863	1.05198	0.986187	3.21477	0.474641	3880074750	6127202194
zlib	compress	sequencing	medium	DRR003897.fastq.zlib	zlib-ng-zlib	9	dense	25	9.04542e+09	9.04067e+09	9.04968e+09	9037462195	9065510373	1.99885e+06	2187264	5.71742e+07	2.15758e+07	2.15898e+07	6.32079	2.64821	4.29366	0.996918	3.27517	0.0996723	33263683913	31228124626
zlib	compress	sequencing	sanity	test_1.fastq.zlib	zipir-zlib	1	fast	25	605213	599793	622043	590623	777384	659456	659456	34590	9261	12026	57.1534	2.87627	1	1	1	3.70961	638828	1352573
zlib	compress	sequencing	sanity	test_1.fastq.zlib	zipir-zlib	5	balanced	25	949875	942055	960345	935795	1043825	659456	659456	34590	9261	9620	36.4153	3.59563	1	1	1	1.9415	1796440	4110630
zlib	compress	sequencing	sanity	test_1.fastq.zlib	zipir-zlib	9	dense	25	1.26613e+06	1.25673e+06	1.27499e+06	1239757	1412857	659456	659456	34590	9261	9323	27.3196	3.71018	1	1	1	1.45298	2941603	6714470
zlib	compress	sequencing	sanity	test_1.fastq.zlib	zlib-ng-zlib	1	fast	25	950885	948685	996445	930805	1038515	1.78586e+06	1986560	34590	9261	16131	36.3766	2.14432	1.57116	1.34134	2.70807	5.03434	702804	940979
zlib	compress	sequencing	sanity	test_1.fastq.zlib	zlib-ng-zlib	5	balanced	25	1.3253e+06	1.30421e+06	1.40022e+06	1293187	1436227	1.7367e+06	1986560	34590	9261	9427	26.0998	3.66925	1.39523	0.979938	2.63354	7.36164	2009188	3045739
zlib	compress	sequencing	sanity	test_1.fastq.zlib	zlib-ng-zlib	9	dense	25	3.99734e+06	3.95249e+06	4.05469e+06	3918861	4093521	1.7367e+06	1998848	34590	9261	9200	8.65325	3.75978	3.15714	0.986807	2.63354	2.58574	11641534	13057732
zlib	compress	sequencing	small	SRR389222_sub1.fastq.zlib	zipir-zlib	1	fast	25	7.03523e+07	6.97588e+07	7.13283e+07	69134048	75815243	659456	659456	2.02181e+07	3.22922e+06	4.44109e+06	287.383	4.5525	1	1	1	2.24994	244653894	451509623
zlib	compress	sequencing	small	SRR389222_sub1.fastq.zlib	zipir-zlib	5	balanced	25	1.61527e+08	1.60569e+08	1.62931e+08	159422457	169831531	659456	659456	2.02181e+07	3.22922e+06	3.46654e+06	125.169	5.83236	1	1	1	1.47065	580974944	1234857878
zlib	compress	sequencing	small	SRR389222_sub1.fastq.zlib	zipir-zlib	9	dense	25	2.41802e+08	2.40094e+08	2.43765e+08	238430057	247532024	659456	659456	2.02181e+07	3.22922e+06	3.27624e+06	83.6142	6.17112	1	1	1	1.52917	875817907	1839703421
zlib	compress	sequencing	small	SRR389222_sub1.fastq.zlib	zlib-ng-zlib	1	fast	25	5.43924e+07	5.37555e+07	5.49921e+07	52864114	58542464	1.72851e+06	1986560	2.02181e+07	3.22922e+06	5.54187e+06	371.708	3.64824	0.773143	1.24786	2.62112	2.30056	184514239	290503714
zlib	compress	sequencing	small	SRR389222_sub1.fastq.zlib	zlib-ng-zlib	5	balanced	25	1.54278e+08	1.52653e+08	1.58516e+08	151597056	194804811	1.96198e+06	2187264	2.02181e+07	3.22922e+06	3.37004e+06	131.05	5.99937	0.955123	0.972163	2.97516	3.84033	552029959	957824221
zlib	compress	sequencing	small	SRR389222_sub1.fastq.zlib	zlib-ng-zlib	9	dense	25	4.61723e+08	4.56679e+08	4.65723e+08	452540267	555441051	1.99066e+06	2191360	2.02181e+07	3.22922e+06	3.23174e+06	43.7884	6.2561	1.90951	0.986416	3.01863	1.98031	1682341554	2541436772
zlib	decompress	generalized	medium	silesia.tar.zlib	std-zlib	-	-	25	8.48083e+08	8.45512e+08	8.54275e+08	839771212	860470840	643072	643072	2.11948e+08	6.85643e+07	6.85643e+07	249.914	3.09122	2.90665		1	1.03636	3082499027	6485133254
zlib	decompress	generalized	medium	silesia.tar.zlib	zipir-zlib	-	-	25	2.91773e+08	2.89903e+08	2.95666e+08	288210850	313316042	643072	643072	2.11948e+08	6.85643e+07	6.85643e+07	726.413	3.09122	1		1	1.98817	1043926747	2986558938
zlib	decompress	generalized	medium	silesia.tar.zlib	zlib-ng-zlib	-	-	25	3.42711e+08	3.41902e+08	3.4558e+08	340372512	356837308	1.72442e+06	1925120	2.11948e+08	6.85643e+07	6.85643e+07	618.443	3.09122	1.17458		2.68153	1.07595	1227296206	2162879758
zlib	decompress	generalized	sanity	hello-1.3.tar.zlib	std-zlib	-	-	25	1.66442e+06	1.65541e+06	1.70349e+06	1642158	1812209	643072	643072	307200	88011	88011	184.569	3.49047	1.78384		1	2.90442	4271430	9668413
zlib	decompress	generalized	sanity	hello-1.3.tar.zlib	zipir-zlib	-	-	25	933055	923145	967785	907255	1078866	643072	643072	307200	88011	88011	329.241	3.49047	1		1	4.83564	1538018	3884670
zlib	decompress	generalized	sanity	hello-1.3.tar.zlib	zlib-ng-zlib	-	-	25	1.22e+06	1.20841e+06	1.27876e+06	1197116	1331337	1.72851e+06	1925120	307200	88011	88011	251.804	3.49047	1.30753		2.6879	5.8218	1931422	3251931
zlib	decompress	generalized	small	cantrbry.tar.zlib	std-zlib	-	-	25	1.06276e+07	1.06037e+07	1.07314e+07	10552725	10942646	643072	643072	2.82112e+06	736400	736400	265.453	3.83096	2.78038		1	1.2044	36695558	88137342
zlib	decompress	generalized	small	cantrbry.tar.zlib	zipir-zlib	-	-	25	3.82234e+06	3.80636e+06	3.84284e+06	3781809	5150307	643072	643072	2.82112e+06	736400	736400	738.061	3.83096	1		1	0.958449	11821656	34313078
zlib	decompress	generalized	small	cantrbry.tar.zlib	zlib-ng-zlib	-	-	25	4.80674e+06	4.75835e+06	4.88604e+06	4700424	5095187	1.72851e+06	1925120	2.82112e+06	736400	736400	586.909	3.83096	1.25754		2.6879	2.6833	14519343	28373391
zlib	decompress	ms	medium	PRIDE_Exp_Complete_Ac_22134.xml.zlib	std-zlib	-	-	25	1.3667e+08	1.36557e+08	1.37071e+08	136256027	144371646	643072	643072	4.80386e+07	1.05415e+07	1.05415e+07	351.493	4.5571	2.92419		1	0.376893	495386875	1027718070
zlib	decompress	ms	medium	PRIDE_Exp_Complete_Ac_22134.xml.zlib	zipir-zlib	-	-	25	4.67378e+07	4.66395e+07	4.69356e+07	46558912	49469085	643072	643072	4.80386e+07	1.05415e+07	1.05415e+07	1027.83	4.5571	1		1	0.634786	165060361	495386638
zlib	decompress	ms	medium	PRIDE_Exp_Complete_Ac_22134.xml.zlib	zlib-ng-zlib	-	-	25	5.72319e+07	5.71065e+07	5.74449e+07	56905652	58780412	1.7367e+06	1925120	4.80386e+07	1.05415e+07	1.05415e+07	839.367	4.5571	1.22453		2.70064	0.592509	201739981	340529627
zlib	decompress	ms	sanity	55merge_omssa.mzid.zlib	std-zlib	-	-	25	671003	668753	689654	655554	1008125	643072	643072	115911	14097	14097	172.743	8.22239	1.30687		1	3.12537	791005	1625857
zlib	decompress	ms	sanity	55merge_omssa.mzid.zlib	zipir-zlib	-	-	25	513443	506282	525003	492763	532193	643072	643072	115911	14097	14097	225.752	8.22239	1		1	3.69774	277507	676211
zlib	decompress	ms	sanity	55merge_omssa.mzid.zlib	zlib-ng-zlib	-	-	25	812934	798584	825974	776834	936435	1.46227e+06	1662976	115911	14097	14097	142.584	8.22239	1.5833		2.27389	3.42982	496900	620637
zlib	decompress	ms	small	55merge_tandem.mzid.zlib	std-zlib	-	-	25	4.6267e+06	4.61133e+06	4.67978e+06	4565993	4709285	643072	643072	1.23794e+06	263571	263571	267.563	4.69678	2.33015		1	1.48439	14927899	30521994
zlib	decompress	ms	small	55merge_tandem.mzid.zlib	zipir-zlib	-	-	25	1.98558e+06	1.97965e+06	2.02804e+06	1965840	2037011	643072	643072	1.23794e+06	263571	263571	623.463	4.69678	1		1	2.44432	5241301	13418066
zlib	decompress	ms	small	55merge_tandem.mzid.zlib	zlib-ng-zlib	-	-	25	2.52913e+06	2.50898e+06	2.56197e+06	2487443	2716484	1.72851e+06	1933312	1.23794e+06	263571	263571	489.47	4.69678	1.27375		2.6879	2.11201	6513608	10227717
zlib	decompress	sequencing	medium	DRR003897.fastq.zlib	std-zlib	-	-	25	2.80979e+08	2.79901e+08	2.83714e+08	279269914	293667349	643072	643072	5.71742e+07	2.15758e+07	2.15758e+07	203.482	2.64992	2.79469		1	1.36232	1020581400	2297917246
zlib	decompress	sequencing	medium	DRR003897.fastq.zlib	zipir-zlib	-	-	25	1.0054e+08	1.00305e+08	1.01986e+08	99983771	103602139	643072	643072	5.71742e+07	2.15758e+07	2.15758e+07	568.671	2.64992	1		1	1.67567	358761328	935160161
zlib	decompress	sequencing	medium	DRR003897.fastq.zlib	zlib-ng-zlib	-	-	25	1.26256e+08	1.25752e+08	1.27438e+08	125025800	129983687	1.72442e+06	1925120	5.71742e+07	2.15758e+07	2.15758e+07	452.845	2.64992	1.25577		2.68153	1.3411	451158059	787528300
zlib	decompress	sequencing	sanity	test_1.fastq.zlib	std-zlib	-	-	25	538762	533762	550273	529553	681223	643072	643072	34590	9261	9261	64.2027	3.73502	1.17239		1	3.09333	490365	1110786
zlib	decompress	sequencing	sanity	test_1.fastq.zlib	zipir-zlib	-	-	25	459543	448402	464403	437722	506982	643072	643072	34590	9261	9261	75.2704	3.73502	1		1	3.56845	191410	449317
zlib	decompress	sequencing	sanity	test_1.fastq.zlib	zlib-ng-zlib	-	-	25	744114	732764	775154	718424	1052545	1.46227e+06	1662976	34590	9261	9261	46.4848	3.73502	1.61925		2.27389	5.78495	381191	475731
zlib	decompress	sequencing	small	SRR389222_sub1.fastq.zlib	std-zlib	-	-	25	4.75532e+07	4.73346e+07	4.81729e+07	47190005	48652842	643072	643072	2.02181e+07	3.22922e+06	3.22922e+06	425.168	6.26097	2.75357		1	1.77112	170196160	365947363
zlib	decompress	sequencing	small	SRR389222_sub1.fastq.zlib	zipir-zlib	-	-	25	1.72696e+07	1.71646e+07	1.75037e+07	16867548	17755942	643072	643072	2.02181e+07	3.22922e+06	3.22922e+06	1170.73	6.26097	1		1	1.97595	58890105	143807734
zlib	decompress	sequencing	small	SRR389222_sub1.fastq.zlib	zlib-ng-zlib	-	-	25	2.16359e+07	2.14986e+07	2.20984e+07	21288390	22440897	1.78586e+06	1925120	2.02181e+07	3.22922e+06	3.22922e+06	934.469	6.26097	1.25283		2.77707	2.78973	73885179	117391737
